loan_type,bank,credit_score,annual_income_lakh,employment_type,loan_amount_lakh,tenure_years,ltv_ratio,existing_obligations_pct,fair_rate
car,Axis,751,9.5,business,8.8,3,0.68,20.0,11.14
car,Kotak,662,10.7,business,9.8,4,0.74,0.4,12.32
car,ICICI,679,31.7,salaried,17.2,4,0.74,2.8,11.45
personal,SBI,651,6.7,salaried,17.4,7,,41.0,16.66
education,ICICI,765,17.0,business,21.3,10,,34.1,10.5
home,HDFC,755,36.9,salaried,72.0,18,0.58,2.7,8.88
education,Kotak,663,15.5,salaried,22.2,9,,17.8,11.2
personal,SBI,746,37.0,self_employed,19.5,5,,55.6,16.93
education,SBI,661,16.9,self_employed,13.7,3,,35.5,11.85
car,SBI,625,14.3,salaried,4.5,7,0.67,1.5,11.59
car,SBI,772,14.0,salaried,18.2,3,0.58,56.6,10.81
car,Axis,740,43.8,business,32.7,4,0.67,53.0,13.21
car,Axis,679,33.1,salaried,3.0,5,0.84,0.4,12.0
personal,Kotak,627,10.1,self_employed,6.3,1,,24.2,17.21
home,Axis,786,9.1,salaried,199.6,21,0.89,24.7,11.77
education,SBI,727,23.5,self_employed,22.6,7,,40.3,11.6
car,SBI,812,32.4,self_employed,22.8,1,0.56,30.5,9.98
car,Axis,757,40.9,salaried,15.9,7,0.57,41.5,10.29
home,SBI,632,28.0,self_employed,142.2,11,0.76,49.0,13.07
education,SBI,720,18.3,salaried,14.6,3,,51.4,11.52
personal,Axis,723,2.2,salaried,4.9,2,,29.1,15.6
personal,SBI,699,10.6,salaried,9.8,7,,43.3,16.1
education,Axis,594,30.3,salaried,39.2,3,,53.5,14.35
home,Kotak,678,11.4,salaried,147.3,23,0.73,46.1,12.8
education,Axis,748,37.9,salaried,38.2,13,,25.7,10.95
car,Axis,632,42.9,business,14.7,2,0.72,56.2,13.85
education,HDFC,784,37.6,self_employed,28.2,11,,42.5,10.79
home,HDFC,741,40.3,self_employed,133.5,18,0.82,53.4,13.04
education,HDFC,661,24.3,salaried,22.2,13,,50.3,12.72
personal,Axis,728,17.7,salaried,20.9,4,,12.9,15.09
education,Kotak,833,8.6,salaried,6.2,2,,31.0,9.87
personal,ICICI,638,10.3,salaried,4.8,2,,14.4,16.57
personal,Kotak,869,22.1,salaried,6.9,3,,45.5,15.11
home,Axis,681,6.7,salaried,103.4,11,0.64,27.9,12.23
home,HDFC,674,2.7,business,187.4,5,0.72,41.0,13.05
education,HDFC,751,29.6,salaried,16.1,12,,7.7,9.7
car,Kotak,740,11.9,self_employed,13.1,4,0.54,1.1,10.91
car,SBI,824,18.3,self_employed,12.6,7,0.55,41.8,10.48
personal,Axis,704,22.3,salaried,14.6,3,,59.4,16.7
home,SBI,743,43.2,self_employed,91.5,17,0.8,14.3,10.91
personal,Axis,754,20.7,self_employed,1.3,1,,50.8,16.33
education,Axis,634,16.1,self_employed,13.8,11,,12.8,12.93
education,SBI,725,35.9,salaried,38.8,9,,45.7,10.99
personal,Kotak,770,9.0,salaried,13.3,6,,59.2,15.95
personal,Axis,714,18.8,salaried,18.0,3,,46.6,16.07
car,HDFC,698,2.5,business,20.3,2,0.8,46.0,13.9
car,SBI,656,24.9,self_employed,6.1,1,0.59,57.8,12.32
education,Kotak,705,49.7,salaried,3.9,3,,41.7,11.14
car,SBI,628,37.4,salaried,36.9,2,0.88,53.4,14.15
education,Kotak,687,19.0,salaried,23.8,12,,21.6,11.27
car,SBI,838,15.0,salaried,7.9,3,0.83,57.0,11.49
car,SBI,794,49.4,salaried,8.6,5,0.8,23.6,10.4
personal,Kotak,727,38.0,salaried,22.9,7,,46.1,16.51
home,ICICI,614,47.8,salaried,125.2,5,0.77,37.1,12.99
education,HDFC,802,16.8,salaried,32.8,12,,33.7,9.97
personal,SBI,819,12.2,salaried,4.3,4,,58.8,15.65
home,ICICI,728,23.6,salaried,183.0,27,0.71,41.9,12.25
home,SBI,677,49.0,salaried,103.6,17,0.58,34.8,10.49
car,SBI,558,35.5,salaried,9.7,4,0.64,53.8,13.88
personal,HDFC,749,18.6,self_employed,9.3,6,,5.3,15.22
personal,Axis,704,35.1,salaried,1.9,1,,28.9,15.33
education,ICICI,691,40.7,business,30.2,13,,59.2,13.65
education,HDFC,842,5.0,self_employed,6.8,3,,42.8,11.01
home,ICICI,689,27.6,salaried,56.1,29,0.79,10.9,11.59
personal,HDFC,643,24.8,salaried,9.5,1,,29.9,16.38
car,HDFC,818,20.2,self_employed,15.5,4,0.76,34.2,11.11
personal,Kotak,683,42.8,business,3.1,6,,10.4,17.06
car,ICICI,721,7.4,salaried,17.7,4,0.87,0.3,12.43
home,ICICI,722,24.9,self_employed,169.3,9,0.57,19.4,11.53
personal,Axis,720,15.9,salaried,14.9,3,,55.9,16.5
car,SBI,865,28.3,salaried,10.5,2,0.54,8.3,8.76
personal,ICICI,803,7.1,salaried,21.4,4,,57.9,15.97
education,ICICI,739,42.4,business,6.5,9,,45.0,12.49
car,Kotak,752,45.6,salaried,14.7,2,0.66,49.0,10.63
home,ICICI,513,29.7,self_employed,77.5,19,0.65,32.6,13.15
car,ICICI,797,35.3,salaried,9.2,7,0.75,32.0,10.8
education,Kotak,612,37.7,salaried,2.3,6,,42.8,12.71
home,SBI,520,23.9,salaried,124.8,19,0.82,9.0,12.91
education,Kotak,810,28.1,self_employed,10.8,5,,49.6,11.43
education,HDFC,722,26.3,business,24.8,15,,43.6,11.94
education,Axis,796,20.0,business,3.7,3,,44.2,11.78
home,ICICI,900,21.2,salaried,20.4,13,0.58,47.3,10.01
car,Axis,681,18.7,salaried,30.3,1,0.73,2.0,11.76
home,SBI,764,19.4,salaried,120.3,26,0.59,12.8,9.74
personal,Axis,788,27.7,salaried,5.4,7,,35.7,14.96
car,ICICI,690,11.2,salaried,4.4,6,0.83,35.2,12.54
car,HDFC,533,28.9,salaried,8.7,1,0.63,4.5,12.53
home,HDFC,813,49.0,business,169.6,11,0.76,1.6,10.85
education,ICICI,563,29.3,salaried,35.6,12,,14.3,12.51
education,ICICI,564,6.2,business,25.7,1,,12.5,13.78
personal,ICICI,773,41.2,self_employed,9.2,2,,49.5,15.55
car,Axis,794,19.4,self_employed,34.9,3,0.88,45.8,12.17
home,ICICI,673,3.1,business,61.0,12,0.78,24.2,13.13
home,ICICI,788,41.5,salaried,110.6,14,0.73,16.4,9.8
personal,HDFC,628,37.1,self_employed,7.0,5,,39.9,17.46
personal,SBI,730,4.3,salaried,5.0,3,,11.1,14.27
car,HDFC,681,45.9,salaried,29.7,3,0.88,23.8,13.14
home,Kotak,723,9.8,salaried,169.9,21,0.7,35.8,11.78
home,HDFC,714,25.8,salaried,140.8,14,0.68,4.6,10.21
education,Axis,778,48.2,business,31.8,9,,26.8,10.7
home,ICICI,744,35.2,self_employed,171.3,29,0.86,38.8,13.11
personal,Kotak,708,50.0,self_employed,14.3,6,,54.9,16.97
personal,SBI,684,40.2,salaried,18.9,4,,50.7,16.8
home,SBI,772,25.1,self_employed,178.1,15,0.64,43.5,10.54
car,SBI,798,27.0,salaried,18.8,4,0.59,1.5,9.56
home,ICICI,757,40.3,business,199.6,24,0.52,5.3,10.38
education,SBI,645,6.4,self_employed,14.1,4,,44.3,12.69
car,Kotak,619,13.2,salaried,4.6,1,0.86,2.7,13.21
personal,Axis,686,44.2,salaried,23.7,3,,54.2,17.66
car,Axis,791,13.1,salaried,33.7,6,0.59,10.6,9.75
personal,HDFC,660,48.5,self_employed,22.2,3,,35.8,17.0
car,HDFC,713,45.1,salaried,20.1,5,0.59,32.2,10.56
home,Kotak,670,8.2,salaried,178.9,29,0.84,2.1,12.51
personal,Kotak,622,2.2,self_employed,17.7,2,,32.0,18.74
education,Kotak,703,45.5,business,23.3,8,,40.7,12.44
personal,SBI,747,42.8,business,21.8,1,,20.0,15.95
personal,HDFC,625,44.3,salaried,24.1,1,,1.8,16.75
home,ICICI,825,14.4,salaried,46.7,17,0.75,58.9,11.76
car,HDFC,819,7.1,self_employed,31.2,2,0.67,50.4,12.21
car,Kotak,714,5.3,salaried,14.1,1,0.81,42.5,12.32
home,HDFC,653,33.1,salaried,122.9,16,0.51,1.3,10.84
car,ICICI,754,6.9,salaried,34.6,7,0.82,41.6,11.48
home,Axis,682,47.3,self_employed,89.7,24,0.66,16.5,11.63
personal,HDFC,643,3.5,business,16.6,4,,33.8,18.17
car,Axis,727,39.0,salaried,34.3,4,0.51,47.8,11.12
education,Axis,687,2.1,business,24.3,14,,41.1,13.77
home,SBI,593,30.3,salaried,92.3,17,0.56,27.9,12.47
home,ICICI,729,3.9,self_employed,101.3,28,0.56,6.2,11.49
car,Axis,682,17.7,self_employed,22.2,1,0.85,5.0,13.4
home,HDFC,750,41.4,business,17.8,16,0.54,38.2,10.78
home,SBI,704,36.0,business,175.5,22,0.75,47.0,12.5
car,ICICI,805,23.7,business,26.8,1,0.57,26.3,11.05
education,Axis,674,48.8,salaried,14.1,8,,52.3,12.7
education,ICICI,740,25.7,salaried,4.2,3,,40.8,10.69
car,SBI,790,32.2,self_employed,30.2,6,0.9,2.4,11.44
education,SBI,691,43.9,salaried,36.1,6,,39.3,11.97
home,Kotak,818,37.2,salaried,35.0,12,0.66,36.1,10.52
home,HDFC,697,13.9,salaried,175.4,19,0.74,34.8,12.21
car,SBI,596,39.1,salaried,7.8,5,0.59,14.1,12.6
home,HDFC,629,23.6,salaried,121.7,16,0.78,10.0,12.34
personal,ICICI,674,42.5,self_employed,20.3,4,,51.9,18.14
car,Kotak,601,10.6,salaried,6.3,1,0.7,2.5,12.15
personal,HDFC,773,23.8,business,13.4,2,,20.6,15.55
car,Kotak,705,9.8,salaried,10.0,7,0.77,26.6,11.78
home,HDFC,695,2.8,self_employed,56.4,30,0.85,34.2,13.02
education,SBI,613,33.6,self_employed,16.4,5,,34.6,12.23
home,HDFC,764,49.7,self_employed,153.0,25,0.73,44.3,10.94
personal,Axis,747,40.3,self_employed,11.5,3,,22.5,15.9
car,SBI,807,29.0,salaried,17.1,5,0.68,14.3,9.58
education,HDFC,736,38.4,self_employed,20.5,5,,51.8,12.16
home,Axis,607,21.1,salaried,120.2,16,0.69,23.7,12.33
home,HDFC,805,22.7,self_employed,180.4,25,0.86,14.6,12.26
car,Axis,639,25.3,business,12.5,4,0.77,55.8,13.97
education,HDFC,620,21.9,self_employed,5.8,11,,7.4,12.56
car,Kotak,775,10.9,salaried,37.0,4,0.69,48.4,11.01
education,Kotak,709,41.3,self_employed,35.5,9,,47.6,11.94
education,HDFC,714,28.7,salaried,11.0,4,,16.5,10.47
education,HDFC,654,22.3,self_employed,7.0,1,,44.2,12.51
car,Kotak,703,31.1,salaried,23.2,2,0.6,37.9,11.02
personal,HDFC,833,23.3,salaried,11.7,1,,41.5,15.39
education,ICICI,754,39.1,self_employed,11.3,5,,53.7,11.44
education,SBI,653,26.9,salaried,3.6,5,,4.2,10.81
education,HDFC,680,11.1,self_employed,3.0,12,,39.7,12.13
home,Axis,744,10.4,salaried,141.1,29,0.57,24.6,11.16
car,Axis,787,46.5,salaried,11.7,4,0.89,1.2,11.4
education,Axis,648,14.3,salaried,31.7,1,,36.5,12.98
education,HDFC,676,18.4,salaried,15.9,2,,56.2,12.49
car,ICICI,872,26.8,salaried,37.0,3,0.73,34.0,9.97
education,SBI,664,44.1,salaried,34.9,6,,8.5,10.69
home,SBI,756,29.6,salaried,101.1,5,0.87,29.2,10.83
home,Kotak,636,25.0,salaried,106.2,19,0.89,33.0,13.04
education,Axis,468,7.1,salaried,26.0,13,,1.1,13.04
car,ICICI,593,12.2,salaried,20.9,2,0.52,41.7,13.72
car,SBI,670,6.9,salaried,28.6,4,0.75,38.0,12.52
personal,Axis,739,22.5,salaried,4.1,4,,24.3,15.77
car,ICICI,743,38.9,salaried,3.4,2,0.55,25.1,10.9
personal,HDFC,736,17.5,self_employed,21.0,5,,58.6,17.06
personal,Axis,765,26.0,salaried,7.4,5,,29.3,14.36
education,Axis,735,43.3,self_employed,16.3,10,,53.5,12.84
personal,SBI,726,14.1,business,19.7,4,,38.2,16.58
car,SBI,702,9.2,self_employed,30.3,1,0.68,2.9,10.65
car,ICICI,690,3.7,self_employed,21.8,2,0.68,59.5,14.01
car,ICICI,794,14.7,salaried,3.8,4,0.86,46.9,11.81
personal,HDFC,683,48.1,self_employed,12.5,7,,58.1,17.92
education,ICICI,816,37.9,business,32.7,12,,9.4,10.56
personal,HDFC,616,23.1,salaried,15.7,6,,16.4,16.56
education,ICICI,592,41.2,business,34.6,1,,15.5,13.77
personal,Kotak,596,4.6,salaried,8.7,6,,59.1,19.34
personal,Kotak,731,41.3,salaried,6.1,3,,9.0,15.14
home,ICICI,752,7.1,self_employed,38.8,11,0.73,52.6,12.0
education,HDFC,747,44.3,self_employed,11.8,3,,24.1,11.26
car,SBI,757,11.0,self_employed,16.1,5,0.72,31.4,10.6
home,Axis,584,9.1,self_employed,68.1,28,0.7,7.5,12.89
education,Axis,663,33.8,self_employed,1.1,7,,0.2,11.74
education,Axis,714,25.1,self_employed,26.1,8,,6.2,10.7
education,Axis,900,30.9,salaried,1.9,3,,29.9,9.66
home,Kotak,706,19.9,self_employed,33.3,21,0.67,5.3,10.76
car,Axis,618,32.5,self_employed,32.1,3,0.77,59.5,14.19
car,SBI,724,49.0,business,9.1,3,0.51,49.9,11.48
personal,ICICI,782,42.4,salaried,5.5,1,,26.1,14.89
education,HDFC,697,23.0,salaried,29.5,6,,3.4,11.01
education,Axis,695,2.6,salaried,12.0,10,,16.9,11.64
car,Axis,694,22.6,self_employed,34.3,6,0.53,29.3,11.69
education,HDFC,708,21.7,business,14.5,15,,14.2,11.28
car,Axis,679,41.7,salaried,32.1,6,0.79,58.9,13.4
car,HDFC,598,47.5,salaried,38.8,5,0.55,9.1,12.23
home,SBI,781,7.5,business,173.4,30,0.72,47.5,12.05
home,HDFC,734,24.2,salaried,88.2,11,0.72,3.7,10.35
education,ICICI,648,9.9,salaried,13.9,14,,45.2,12.28
education,Kotak,660,47.4,self_employed,22.8,12,,46.3,12.2
personal,ICICI,685,7.1,business,16.8,1,,23.8,17.48
personal,ICICI,801,15.3,salaried,8.5,1,,23.8,14.83
education,HDFC,778,17.2,salaried,34.4,3,,53.8,10.87
home,SBI,692,37.2,self_employed,165.9,9,0.68,36.9,11.97
education,SBI,741,22.1,self_employed,39.4,5,,43.5,11.14
education,HDFC,794,36.5,salaried,35.7,14,,22.7,10.29
education,Kotak,722,17.1,salaried,10.9,6,,49.7,11.27
home,Kotak,719,22.2,salaried,182.0,23,0.68,44.9,12.09
education,SBI,732,32.4,self_employed,5.9,2,,19.5,10.61
education,SBI,682,43.6,self_employed,9.4,15,,12.8,10.91
personal,Kotak,757,33.9,self_employed,7.2,1,,52.5,16.32
car,ICICI,594,20.3,salaried,7.8,3,0.89,6.6,13.94
personal,HDFC,731,48.7,business,20.8,3,,48.3,16.39
car,SBI,657,43.9,salaried,7.2,6,0.55,4.1,10.69
personal,SBI,763,16.3,salaried,8.2,6,,35.9,14.33
education,HDFC,772,10.9,self_employed,4.1,13,,50.3,11.39
education,ICICI,728,33.6,salaried,10.8,5,,35.9,11.06
personal,SBI,778,44.2,business,14.7,5,,41.7,15.55
home,Axis,668,9.9,salaried,42.4,25,0.75,35.5,12.73
education,Axis,679,33.3,salaried,38.1,2,,28.4,11.5
education,SBI,708,45.6,salaried,10.3,10,,58.3,11.35
personal,ICICI,579,11.9,salaried,13.4,6,,51.2,18.71
education,ICICI,675,23.0,self_employed,9.5,10,,17.6,11.73
personal,Kotak,710,44.2,salaried,14.8,7,,29.6,15.8
car,ICICI,643,22.2,salaried,18.2,5,0.79,36.5,13.13
personal,HDFC,661,14.4,business,2.4,7,,52.3,18.12
education,SBI,628,22.1,salaried,30.3,1,,24.3,11.61
personal,HDFC,612,30.5,self_employed,1.2,2,,8.3,16.91
car,Axis,806,27.4,salaried,33.7,6,0.56,0.7,9.73
car,ICICI,656,7.9,salaried,23.7,7,0.69,49.0,12.15
personal,ICICI,604,16.7,salaried,19.9,4,,13.6,16.67
car,Axis,671,44.7,self_employed,3.5,3,0.74,42.3,12.84
car,HDFC,611,44.7,salaried,15.8,4,0.64,31.0,11.91
car,ICICI,734,6.9,salaried,34.3,2,0.84,34.8,12.07
car,Axis,702,8.5,salaried,6.7,6,0.51,23.3,10.54
home,ICICI,612,42.1,salaried,80.4,9,0.69,26.6,12.19
personal,SBI,613,3.5,salaried,24.3,6,,32.5,17.33
personal,Kotak,751,23.1,salaried,8.3,5,,11.7,14.33
home,Axis,713,9.9,salaried,120.8,7,0.56,49.0,11.65
personal,SBI,616,40.0,self_employed,12.1,7,,23.7,16.6
personal,Kotak,720,27.6,salaried,21.9,5,,44.8,16.13
personal,SBI,658,48.5,self_employed,23.8,2,,58.9,17.49
education,HDFC,900,23.2,salaried,24.6,9,,21.7,9.98
personal,ICICI,741,29.5,salaried,23.9,7,,6.6,15.43
personal,SBI,689,26.5,self_employed,16.0,7,,44.0,17.01
home,Kotak,706,32.4,salaried,132.4,16,0.82,16.7,11.23
personal,ICICI,776,16.1,business,1.3,1,,20.5,15.78
car,Kotak,714,35.6,salaried,6.9,7,0.7,4.7,10.76
home,ICICI,708,47.5,salaried,23.7,23,0.71,18.0,9.88
car,HDFC,685,5.5,self_employed,17.9,7,0.58,51.8,13.2
car,ICICI,792,28.4,salaried,11.1,5,0.74,21.5,10.27
home,SBI,689,41.4,self_employed,115.4,24,0.77,14.5,11.99
education,Kotak,784,8.9,self_employed,31.2,2,,24.1,10.87
home,HDFC,622,21.3,self_employed,29.5,21,0.7,2.8,11.96
home,SBI,766,17.2,salaried,29.4,5,0.55,33.9,9.13
education,Axis,691,20.1,business,37.5,3,,5.4,12.38
home,Kotak,813,2.2,salaried,41.7,25,0.85,11.0,11.76
car,SBI,879,50.0,self_employed,6.9,6,0.88,30.0,11.42
car,HDFC,677,28.5,self_employed,18.4,2,0.58,39.4,12.27
education,SBI,753,8.0,self_employed,29.7,6,,38.7,10.67
education,SBI,629,4.8,business,5.3,10,,32.6,12.37
home,Kotak,681,25.7,salaried,86.8,21,0.86,16.0,12.59
personal,Axis,812,23.8,salaried,7.4,1,,31.3,14.93
car,Kotak,578,10.7,salaried,19.1,5,0.64,44.3,13.25
personal,Axis,779,48.8,salaried,21.3,1,,32.8,14.76
car,SBI,662,45.2,salaried,29.3,5,0.6,29.0,11.11
car,Axis,742,5.6,salaried,16.5,3,0.79,37.2,12.44
personal,HDFC,772,9.9,salaried,16.4,1,,20.7,14.76
education,Axis,713,35.1,salaried,37.3,4,,37.9,11.13
home,SBI,571,26.0,business,139.1,9,0.75,55.7,13.02
home,HDFC,883,43.5,salaried,101.5,17,0.52,50.6,10.88
personal,HDFC,703,14.5,business,11.5,3,,10.6,15.86
home,HDFC,742,19.0,salaried,142.7,15,0.71,58.6,12.73
personal,HDFC,623,32.7,salaried,17.0,3,,57.6,18.24
personal,Axis,599,17.4,salaried,21.4,3,,15.2,17.36
personal,ICICI,699,26.6,business,12.6,3,,23.5,17.36
car,ICICI,550,39.8,business,12.3,4,0.73,24.9,14.1
personal,HDFC,738,13.0,business,24.0,6,,52.0,17.44
personal,Axis,858,26.8,self_employed,19.2,3,,8.6,14.75
car,HDFC,812,24.9,business,21.4,4,0.58,15.3,10.34
education,Axis,587,44.2,self_employed,18.9,15,,48.7,14.06
personal,Axis,754,9.3,self_employed,22.0,7,,2.7,15.19
personal,Kotak,833,30.3,salaried,2.5,6,,3.3,15.08
car,Kotak,754,37.6,salaried,34.4,7,0.74,53.8,11.63
education,ICICI,671,50.0,salaried,16.8,8,,45.7,11.84
education,SBI,819,3.0,salaried,11.5,14,,35.0,10.47
home,SBI,711,8.2,salaried,116.4,21,0.71,30.5,10.97
personal,HDFC,674,46.2,self_employed,17.7,7,,51.0,17.84
home,ICICI,670,33.9,salaried,39.9,21,0.78,43.6,12.14
car,SBI,803,20.6,salaried,36.5,1,0.51,50.3,10.12
home,SBI,578,35.8,business,165.3,29,0.71,32.4,12.96
personal,ICICI,733,40.8,salaried,17.3,4,,17.4,15.34
car,SBI,754,29.4,self_employed,33.8,3,0.75,14.9,10.16
personal,SBI,601,21.8,salaried,23.4,5,,44.0,16.9
home,ICICI,680,34.5,salaried,23.7,19,0.65,58.9,12.51
car,ICICI,733,45.9,self_employed,3.4,6,0.71,10.8,11.42
personal,Axis,771,22.3,salaried,9.3,4,,4.4,14.62
home,SBI,764,35.1,self_employed,37.3,27,0.53,4.5,9.73
car,SBI,833,33.1,salaried,12.9,2,0.78,22.4,10.42
personal,SBI,762,14.0,self_employed,1.0,4,,56.8,16.02
home,Kotak,744,11.7,business,121.6,6,0.65,3.0,12.41
personal,Axis,756,12.6,business,18.4,6,,11.3,15.56
education,SBI,633,44.7,salaried,4.3,9,,26.0,11.72
personal,ICICI,701,31.4,self_employed,16.3,2,,42.1,16.21
car,SBI,694,2.8,self_employed,5.9,2,0.53,27.5,11.87
home,SBI,732,41.5,self_employed,187.2,17,0.81,23.8,11.55
car,ICICI,685,46.2,salaried,24.6,1,0.63,51.9,12.84
personal,SBI,666,43.9,salaried,16.3,6,,25.7,15.85
education,ICICI,661,3.1,business,12.7,7,,3.4,12.47
education,Axis,660,33.4,salaried,11.1,6,,6.7,11.35
personal,HDFC,768,41.7,business,11.7,4,,17.4,15.23
education,ICICI,528,19.0,salaried,33.3,9,,49.7,13.28
car,Kotak,706,47.2,salaried,35.4,5,0.86,4.7,12.03
car,SBI,773,43.2,business,30.7,1,0.51,17.8,10.27
car,Kotak,682,22.6,self_employed,30.4,5,0.79,43.9,13.07
home,SBI,825,44.3,salaried,33.1,19,0.54,13.3,8.7
education,ICICI,688,13.2,salaried,9.6,12,,34.3,11.63
personal,SBI,849,35.7,salaried,5.1,2,,19.7,14.07
personal,HDFC,710,25.8,salaried,23.4,7,,8.6,15.15
car,Kotak,689,26.4,salaried,18.5,1,0.74,51.4,13.17
car,Kotak,612,2.5,self_employed,29.8,1,0.69,52.5,14.08
education,ICICI,783,41.4,salaried,16.8,15,,28.0,9.96
home,SBI,696,5.2,self_employed,176.7,16,0.57,44.6,12.71
education,SBI,762,49.5,business,10.0,13,,33.5,10.1
car,ICICI,650,19.7,salaried,20.2,4,0.52,21.0,11.64
home,ICICI,668,32.3,self_employed,28.1,28,0.72,4.0,11.67
home,HDFC,760,26.9,self_employed,36.7,9,0.58,42.8,10.24
education,SBI,612,14.4,salaried,24.6,5,,39.2,12.45
personal,Kotak,692,36.4,self_employed,7.5,3,,11.1,16.49
home,Axis,730,30.1,self_employed,35.4,23,0.83,39.6,12.29
education,SBI,713,17.6,salaried,11.5,12,,27.8,10.17
car,Axis,687,49.2,self_employed,32.1,2,0.78,22.1,12.79
personal,Kotak,727,3.9,salaried,17.0,6,,25.7,15.71
education,Kotak,646,37.9,salaried,32.7,13,,4.0,11.83
education,Axis,760,43.2,salaried,39.9,3,,34.3,9.89
personal,SBI,684,5.9,business,8.5,6,,0.9,16.65
home,SBI,785,32.0,self_employed,174.2,14,0.66,4.2,10.28
car,ICICI,718,29.3,self_employed,35.1,3,0.87,20.5,12.56
car,Kotak,750,30.5,business,5.0,3,0.83,21.7,12.11
education,ICICI,857,35.5,salaried,26.3,10,,33.3,10.05
car,Axis,594,47.5,salaried,5.2,2,0.81,36.6,14.22
education,Axis,621,21.3,business,7.0,5,,50.0,14.81
home,HDFC,715,35.7,self_employed,22.6,30,0.53,36.4,11.14
education,ICICI,750,15.8,salaried,32.3,3,,12.0,9.65
personal,SBI,658,48.8,salaried,20.6,2,,56.3,16.73
car,HDFC,647,24.5,salaried,12.9,2,0.53,26.3,11.95
personal,SBI,563,40.3,business,8.8,5,,14.0,17.73
car,Axis,663,12.1,salaried,32.9,7,0.81,4.6,12.51
education,HDFC,768,9.5,self_employed,19.7,10,,30.3,10.44
car,Axis,632,24.1,salaried,14.3,1,0.79,16.9,12.62
home,Kotak,717,33.9,salaried,47.9,19,0.72,50.4,12.1
personal,Axis,496,33.5,salaried,14.4,6,,50.3,19.07
car,HDFC,642,26.7,salaried,36.4,5,0.88,10.5,13.46
personal,Axis,601,28.5,salaried,9.9,3,,8.5,16.81
education,Kotak,651,41.6,salaried,12.1,13,,34.6,11.53
home,SBI,675,37.0,self_employed,118.9,9,0.57,40.4,11.66
home,Kotak,632,2.0,business,175.4,22,0.52,22.6,12.91
education,SBI,649,13.4,self_employed,38.0,7,,17.5,11.98
home,ICICI,769,38.5,self_employed,107.5,11,0.87,22.5,11.93
home,Kotak,602,34.2,self_employed,99.0,16,0.7,3.0,12.34
personal,SBI,677,3.2,salaried,11.8,1,,20.2,16.01
personal,SBI,634,20.2,self_employed,20.2,6,,3.3,16.74
car,SBI,790,42.1,salaried,37.3,6,0.53,1.1,9.46
home,SBI,566,17.9,salaried,65.8,12,0.87,15.9,12.93
car,Axis,628,15.5,self_employed,38.6,4,0.77,32.6,13.7
education,ICICI,651,23.3,salaried,11.2,2,,59.5,12.65
education,HDFC,725,9.2,business,38.8,9,,54.8,12.95
education,HDFC,594,10.5,business,12.5,3,,45.4,14.07
car,ICICI,624,21.3,salaried,35.7,4,0.8,17.7,12.7
education,SBI,711,31.0,salaried,34.7,4,,7.2,10.15
personal,Axis,547,30.6,salaried,11.4,5,,35.0,18.13
home,SBI,627,43.9,salaried,109.4,7,0.66,33.6,12.03
education,ICICI,714,24.3,self_employed,5.6,13,,35.1,11.39
car,HDFC,705,27.6,self_employed,6.8,2,0.82,44.9,12.27
personal,Axis,547,4.4,business,2.3,4,,31.4,18.44
personal,SBI,550,41.5,salaried,20.7,6,,53.8,18.78
home,SBI,578,42.4,salaried,52.0,19,0.56,34.6,11.87
personal,SBI,657,22.2,salaried,15.4,7,,28.5,15.72
home,ICICI,704,36.3,self_employed,23.0,16,0.55,36.8,11.46
education,ICICI,757,21.4,salaried,33.5,8,,19.2,9.41
car,ICICI,827,27.5,business,22.9,5,0.53,23.7,10.67
car,Axis,664,26.9,business,29.3,3,0.59,30.1,12.54
personal,Kotak,695,20.2,self_employed,8.6,3,,5.5,16.37
home,Kotak,606,44.9,self_employed,135.0,10,0.88,14.2,12.79
personal,HDFC,888,16.8,self_employed,14.8,3,,33.6,14.93
car,SBI,610,12.1,self_employed,34.7,6,0.68,7.9,12.36
car,ICICI,685,22.7,salaried,14.3,1,0.57,37.4,11.6
car,Axis,607,10.2,salaried,18.5,1,0.82,43.5,13.54
home,SBI,663,5.7,salaried,54.6,25,0.83,58.5,12.9
education,HDFC,652,3.9,business,23.4,2,,51.5,14.13
education,SBI,692,30.2,self_employed,16.5,7,,0.4,10.98
car,ICICI,655,26.6,self_employed,10.2,4,0.67,49.9,12.87
personal,SBI,691,18.2,salaried,21.9,6,,16.8,15.31
car,Kotak,764,25.3,business,28.7,4,0.56,34.3,11.32
car,Axis,633,21.6,salaried,7.6,2,0.52,2.1,12.01
car,HDFC,594,44.5,salaried,36.1,4,0.55,6.7,12.67
education,SBI,623,4.2,salaried,26.6,11,,21.6,12.86
personal,Axis,748,29.7,salaried,21.8,3,,59.1,16.97
car,Axis,823,26.0,salaried,26.9,7,0.87,41.3,12.25
car,Kotak,753,14.1,self_employed,35.0,4,0.52,17.3,10.23
car,Kotak,619,2.9,salaried,20.2,2,0.59,37.5,13.91
home,Kotak,671,35.7,self_employed,31.6,20,0.64,28.7,11.78
education,SBI,614,28.3,salaried,7.8,11,,38.0,12.62
home,Kotak,606,3.2,self_employed,78.9,18,0.54,36.1,13.03
education,HDFC,735,16.1,salaried,21.5,13,,54.0,11.85
personal,Kotak,690,2.1,self_employed,7.5,3,,55.5,18.22
car,Axis,753,18.5,salaried,8.0,4,0.87,27.6,11.64
personal,Kotak,592,16.3,business,22.4,5,,42.7,19.31
car,Kotak,748,6.1,business,23.3,6,0.77,59.3,14.16
education,SBI,697,27.5,salaried,35.1,3,,53.5,12.26
car,HDFC,690,43.3,salaried,24.9,3,0.65,44.3,11.9
education,Axis,762,22.4,self_employed,39.8,11,,37.2,10.7
education,SBI,866,42.8,salaried,8.7,4,,33.1,9.41
car,HDFC,773,33.3,salaried,33.8,3,0.73,32.7,9.76
home,HDFC,699,35.1,self_employed,57.9,10,0.76,9.2,11.98
education,ICICI,780,18.2,salaried,37.7,5,,1.3,9.86
personal,Kotak,617,34.4,self_employed,10.5,1,,40.6,18.06
education,SBI,717,48.5,salaried,15.7,6,,28.0,9.9
home,ICICI,607,7.5,self_employed,177.8,23,0.5,36.8,12.83
home,Axis,518,37.1,salaried,35.7,21,0.56,28.6,12.39
personal,HDFC,633,20.8,salaried,4.9,1,,37.2,17.33
education,SBI,638,7.6,salaried,10.9,4,,32.4,11.47
car,SBI,638,9.3,salaried,19.0,4,0.75,31.4,12.6
education,SBI,696,32.2,self_employed,33.3,2,,18.4,10.98
personal,SBI,823,40.5,salaried,12.3,2,,34.8,14.35
personal,HDFC,646,23.1,salaried,16.5,5,,7.0,16.24
car,ICICI,729,42.1,salaried,10.3,3,0.83,35.3,11.83
personal,HDFC,799,30.7,self_employed,10.9,7,,32.5,15.12
education,ICICI,596,4.9,self_employed,24.6,10,,17.0,13.88
car,HDFC,602,10.9,salaried,10.5,7,0.74,23.1,12.44
personal,ICICI,633,24.8,business,1.2,3,,4.3,17.63
personal,ICICI,743,4.3,business,3.4,6,,49.3,17.15
personal,Kotak,772,23.8,salaried,11.8,2,,10.2,14.15
home,SBI,712,37.0,salaried,18.9,17,0.54,17.2,9.57
car,SBI,791,21.9,salaried,27.2,4,0.63,10.6,8.94
car,HDFC,626,20.9,self_employed,11.8,1,0.52,37.1,12.94
home,Kotak,628,39.6,salaried,198.6,25,0.77,57.7,12.87
education,SBI,754,2.8,self_employed,8.6,12,,43.9,10.85
car,SBI,727,4.9,self_employed,28.6,2,0.76,27.6,12.13
home,Axis,731,21.0,business,35.3,16,0.79,34.3,11.83
personal,SBI,591,37.1,salaried,17.8,6,,56.3,18.31
car,SBI,650,12.8,self_employed,5.6,7,0.51,21.3,11.57
education,ICICI,749,40.2,salaried,29.7,13,,29.3,10.61
personal,Kotak,625,17.3,salaried,11.0,3,,17.1,17.0
personal,ICICI,628,32.0,self_employed,14.2,5,,7.5,17.0
personal,Axis,615,30.2,salaried,8.6,5,,48.6,17.41
education,ICICI,624,10.7,salaried,31.8,2,,18.4,12.13
home,Kotak,641,6.2,salaried,42.6,29,0.59,17.0,12.51
personal,Axis,785,46.8,self_employed,1.5,3,,33.4,15.38
personal,Axis,704,2.9,self_employed,18.7,5,,17.2,16.94
education,SBI,554,45.8,salaried,2.6,7,,18.8,12.09
car,Kotak,780,38.8,business,28.6,2,0.63,3.3,10.54
personal,Kotak,811,19.6,salaried,4.5,3,,38.7,15.53
car,ICICI,765,41.0,salaried,33.5,7,0.8,53.8,12.11
personal,ICICI,579,5.0,business,12.7,3,,14.9,18.42
education,ICICI,762,43.1,business,30.8,9,,54.7,11.87
home,Kotak,712,13.1,salaried,56.3,6,0.53,10.6,10.21
car,HDFC,612,47.3,salaried,35.2,6,0.84,7.9,12.7
car,Axis,587,43.3,self_employed,38.5,6,0.54,11.7,13.49
home,Kotak,816,16.8,self_employed,100.7,20,0.83,49.8,11.74
home,ICICI,797,19.4,self_employed,177.1,28,0.56,36.7,11.39
home,ICICI,589,13.9,self_employed,189.0,13,0.55,58.7,13.08
education,Axis,695,19.1,salaried,14.4,2,,10.0,11.2
car,Kotak,687,24.8,salaried,19.7,1,0.74,24.9,11.69
personal,ICICI,734,8.6,business,7.6,7,,45.1,17.0
home,SBI,763,18.6,business,20.4,12,0.69,51.7,11.25
car,Axis,766,38.1,salaried,30.1,1,0.79,55.7,11.85
education,Axis,601,31.8,salaried,29.0,9,,45.0,12.8
home,HDFC,800,18.4,salaried,94.4,11,0.83,52.6,11.87
home,ICICI,656,40.8,salaried,70.9,11,0.8,14.9,11.43
home,SBI,723,18.6,business,11.3,16,0.88,7.3,11.65
education,ICICI,614,13.2,salaried,3.7,3,,25.7,11.81
education,ICICI,730,40.8,salaried,29.8,10,,6.4,10.67
education,HDFC,616,9.9,salaried,31.5,6,,43.1,12.5
personal,Axis,692,37.4,salaried,4.3,3,,51.2,17.03
education,Axis,648,15.9,self_employed,15.7,4,,45.3,13.08
education,ICICI,681,41.8,self_employed,26.5,9,,38.7,12.06
personal,HDFC,598,3.9,salaried,7.6,7,,15.7,17.35
personal,Axis,744,8.8,salaried,19.3,1,,30.5,15.76
education,Kotak,605,9.0,salaried,37.6,7,,44.7,13.54
car,HDFC,719,34.2,business,37.3,2,0.56,35.8,12.32
home,Axis,650,16.4,salaried,132.1,28,0.73,31.6,12.28
education,SBI,523,20.2,salaried,21.2,13,,20.6,12.38
home,HDFC,711,13.6,salaried,83.5,17,0.72,12.4,10.97
education,Kotak,585,41.0,self_employed,14.4,1,,9.7,13.52
education,HDFC,780,28.6,self_employed,21.8,2,,43.7,10.64
personal,HDFC,700,30.0,salaried,14.9,4,,3.0,14.84
car,Axis,724,22.3,salaried,15.7,4,0.75,49.8,11.78
personal,HDFC,651,17.0,self_employed,18.4,1,,50.9,17.49
education,Axis,811,40.6,business,34.0,14,,26.8,10.73
home,HDFC,880,25.1,self_employed,135.7,18,0.72,12.2,10.06
home,SBI,629,45.1,salaried,109.8,17,0.75,40.8,12.59
personal,Axis,589,20.6,salaried,4.3,2,,9.2,17.47
car,Axis,679,16.9,self_employed,37.7,6,0.53,53.8,13.33
education,Axis,568,24.7,self_employed,34.3,6,,12.4,13.56
personal,ICICI,762,37.5,self_employed,19.9,1,,38.1,15.41
personal,HDFC,750,43.2,salaried,17.0,3,,18.4,13.92
home,Axis,705,41.4,salaried,29.3,7,0.62,31.9,10.15
education,HDFC,816,48.6,salaried,29.4,2,,7.3,9.48
home,Kotak,809,25.5,self_employed,110.4,15,0.55,43.7,11.4
education,Axis,853,23.0,salaried,11.8,5,,8.2,9.36
education,SBI,533,46.2,salaried,1.5,1,,37.4,12.71
car,HDFC,618,15.5,self_employed,19.9,1,0.67,4.5,12.21
education,Axis,701,38.9,salaried,3.4,10,,28.0,10.73
personal,Axis,818,28.3,salaried,23.7,2,,15.7,14.32
home,Axis,834,18.0,salaried,70.0,16,0.59,24.3,10.18
home,HDFC,553,26.8,self_employed,171.2,22,0.68,28.9,13.01
home,SBI,623,10.3,salaried,114.0,30,0.72,15.0,12.14
home,ICICI,728,37.7,salaried,111.2,9,0.74,4.8,10.53
home,HDFC,717,38.8,self_employed,87.2,9,0.71,11.5,10.78
personal,Kotak,693,34.1,salaried,10.7,3,,18.1,15.98
personal,SBI,725,49.8,salaried,11.8,5,,8.9,15.05
education,Kotak,750,22.4,salaried,23.1,5,,19.1,9.44
home,Kotak,700,21.3,salaried,130.6,28,0.55,58.6,12.31
car,HDFC,854,12.3,salaried,26.2,5,0.87,12.3,11.32
home,Kotak,640,47.8,salaried,184.5,20,0.79,58.6,12.94
education,Kotak,683,47.5,salaried,9.5,7,,16.4,11.38
personal,SBI,635,46.4,salaried,6.5,2,,28.5,16.2
home,SBI,709,44.4,salaried,38.8,21,0.64,47.7,9.93
car,SBI,709,8.3,self_employed,32.5,7,0.65,58.7,12.45
home,SBI,807,43.5,self_employed,96.8,16,0.69,45.4,10.65
home,SBI,623,3.5,business,148.1,16,0.58,49.6,12.98
car,Axis,705,42.3,salaried,27.1,5,0.58,7.7,10.07
education,ICICI,652,18.0,salaried,37.7,5,,0.4,11.33
personal,Kotak,569,18.9,salaried,17.9,5,,5.8,17.65
car,Kotak,754,23.9,self_employed,13.7,2,0.5,45.7,11.27
personal,ICICI,509,44.6,salaried,22.5,2,,29.2,17.87
education,Axis,719,15.6,salaried,11.9,1,,59.9,11.57
personal,ICICI,683,26.5,salaried,7.2,4,,6.9,16.0
education,ICICI,791,32.0,salaried,37.6,8,,5.5,9.39
home,ICICI,848,37.2,salaried,199.1,25,0.88,14.2,11.33
education,Kotak,658,16.2,salaried,4.5,3,,36.7,11.94
education,ICICI,574,22.7,salaried,31.5,8,,20.2,12.79
car,ICICI,627,38.0,salaried,11.7,3,0.5,38.9,12.72
home,ICICI,768,13.7,self_employed,95.5,6,0.65,5.5,10.91
car,SBI,760,48.4,business,19.4,4,0.56,10.4,10.08
education,Axis,733,4.3,salaried,38.0,12,,11.5,11.28
education,HDFC,876,39.7,self_employed,16.8,9,,43.0,10.85
car,HDFC,820,12.1,salaried,34.1,6,0.83,25.0,10.7
car,HDFC,697,12.6,salaried,12.4,2,0.55,17.4,10.77
home,ICICI,622,19.6,salaried,84.3,8,0.85,25.1,13.07
personal,ICICI,822,43.2,salaried,21.3,3,,38.7,14.96
personal,ICICI,650,43.6,self_employed,11.7,3,,48.7,16.97
home,Axis,754,31.3,self_employed,183.9,5,0.66,25.9,10.63
car,ICICI,843,10.4,salaried,23.2,4,0.71,3.1,10.0
car,Kotak,701,17.5,salaried,12.5,1,0.72,17.9,10.64
home,Kotak,580,45.2,salaried,129.4,19,0.76,50.1,13.09
education,SBI,657,32.7,salaried,4.2,14,,30.0,10.88
car,HDFC,715,25.5,salaried,22.4,5,0.69,6.4,10.5
personal,Kotak,589,31.8,self_employed,6.3,7,,8.1,18.01
home,Kotak,789,36.1,business,31.4,13,0.87,51.5,13.04
car,Axis,737,33.4,salaried,39.9,3,0.79,50.2,13.12
home,HDFC,738,33.1,salaried,34.4,11,0.81,45.1,11.41
car,ICICI,711,41.6,salaried,34.8,2,0.69,55.7,12.17
education,Axis,671,19.1,salaried,27.6,13,,42.0,11.61
home,Kotak,674,30.7,salaried,175.2,17,0.68,27.6,11.56
home,ICICI,662,42.3,self_employed,176.7,12,0.68,40.3,12.4
education,ICICI,897,32.3,self_employed,21.6,9,,5.5,10.34
personal,Axis,791,2.8,salaried,2.2,6,,12.2,14.78
personal,SBI,569,42.2,salaried,18.2,5,,40.5,17.53
education,SBI,730,43.2,salaried,38.5,10,,30.8,10.08
personal,ICICI,787,5.4,self_employed,16.8,2,,3.4,15.23
car,Axis,715,3.6,self_employed,24.5,7,0.82,46.5,13.27
education,Axis,672,46.2,salaried,39.1,4,,54.7,12.49
personal,ICICI,737,30.5,salaried,19.1,3,,54.7,16.82
personal,HDFC,566,44.2,salaried,5.7,7,,12.3,17.29
education,Axis,621,27.0,salaried,19.3,3,,18.2,11.76
personal,SBI,621,22.3,salaried,11.9,5,,11.8,16.01
education,Axis,660,33.5,business,22.0,5,,13.1,12.04
car,Kotak,777,29.3,salaried,33.8,6,0.64,11.0,9.49
home,ICICI,662,44.6,self_employed,62.3,13,0.81,54.6,12.97
education,Kotak,554,38.6,salaried,37.5,10,,56.4,14.44
home,SBI,784,15.0,self_employed,10.7,22,0.79,15.4,10.12
personal,Kotak,627,45.1,salaried,23.5,3,,24.3,17.1
education,Kotak,687,34.6,self_employed,10.2,8,,30.2,12.15
home,Kotak,652,15.0,business,165.0,29,0.6,5.6,12.71
car,Axis,654,5.4,salaried,5.1,7,0.73,55.7,13.03
home,Kotak,781,10.4,salaried,78.6,9,0.7,7.7,10.69
car,Kotak,777,18.5,salaried,17.4,1,0.85,24.7,11.65
car,HDFC,641,37.3,salaried,14.8,2,0.57,57.6,13.39
personal,ICICI,654,2.4,salaried,1.5,2,,26.1,16.21
home,HDFC,649,44.1,self_employed,61.1,20,0.83,35.3,13.04
personal,HDFC,675,14.4,self_employed,21.8,1,,32.5,16.35
home,HDFC,720,26.4,salaried,93.9,21,0.73,55.0,11.98
home,HDFC,681,11.2,self_employed,98.1,30,0.87,20.1,13.26
car,Axis,614,20.0,self_employed,6.7,5,0.68,10.9,12.59
personal,Axis,715,22.1,salaried,13.4,7,,1.7,15.45
car,SBI,558,48.2,self_employed,38.7,1,0.79,46.6,13.94
car,Kotak,681,13.9,business,39.6,3,0.71,59.8,13.94
personal,ICICI,683,7.0,self_employed,17.9,3,,20.3,16.67
home,ICICI,724,45.2,salaried,128.5,25,0.82,24.0,11.33
home,Axis,739,11.6,salaried,163.0,9,0.62,57.1,12.23
personal,HDFC,849,2.8,salaried,24.0,7,,30.2,15.45
education,SBI,709,18.4,salaried,38.2,5,,27.6,10.44
home,Axis,827,25.3,self_employed,38.4,5,0.71,51.6,11.28
education,SBI,800,30.1,salaried,11.4,9,,48.2,10.26
personal,Axis,828,8.4,salaried,14.1,4,,48.9,15.03
personal,Kotak,689,23.5,salaried,3.4,7,,6.1,16.13
car,HDFC,678,17.4,self_employed,31.2,2,0.55,52.0,13.01
education,ICICI,782,7.1,salaried,20.7,9,,11.5,9.96
car,SBI,898,40.2,salaried,15.6,2,0.7,50.8,11.29
home,SBI,900,13.4,salaried,160.9,9,0.71,33.4,10.51
education,Kotak,653,23.5,salaried,9.2,7,,19.4,11.38
education,Axis,604,15.3,salaried,8.2,6,,27.5,12.48
home,SBI,695,39.2,self_employed,74.4,5,0.88,55.0,12.97
personal,HDFC,622,41.4,self_employed,11.3,3,,54.4,18.33
personal,Axis,694,46.3,salaried,14.1,2,,54.9,17.47
car,Axis,585,7.3,self_employed,17.2,3,0.82,47.2,14.01
car,ICICI,633,38.3,salaried,23.0,2,0.63,37.2,12.59
home,HDFC,708,24.6,salaried,196.4,12,0.85,47.0,12.92
home,HDFC,708,27.9,self_employed,19.6,18,0.7,40.8,11.13
home,ICICI,693,46.3,business,13.0,27,0.65,15.3,12.1
personal,SBI,711,4.6,business,21.1,2,,53.1,17.4
education,Axis,797,26.4,self_employed,20.5,14,,58.2,11.32
personal,ICICI,668,6.8,salaried,5.8,7,,0.1,15.96
education,SBI,704,14.6,business,30.9,10,,15.5,11.25
home,Axis,614,21.2,salaried,76.6,9,0.54,16.1,11.71
car,HDFC,751,11.1,salaried,16.6,4,0.52,10.6,9.87
home,HDFC,403,2.2,salaried,105.2,19,0.65,50.6,13.18
car,ICICI,610,12.6,salaried,30.0,1,0.8,36.4,13.52
home,SBI,694,10.4,self_employed,74.1,12,0.55,23.3,11.64
education,Kotak,855,11.1,self_employed,19.0,2,,3.1,10.25
car,Axis,746,5.2,self_employed,23.3,2,0.88,46.5,13.75
personal,Axis,703,5.0,salaried,10.2,6,,34.1,16.06
home,SBI,784,48.3,salaried,146.4,26,0.85,52.9,11.82
car,HDFC,676,25.3,salaried,31.8,6,0.73,30.2,11.35
home,Axis,696,37.0,self_employed,70.1,5,0.87,43.4,13.1
personal,Kotak,715,28.2,salaried,9.6,6,,26.5,15.89
personal,ICICI,671,49.0,self_employed,10.3,4,,30.5,16.55
car,SBI,556,13.9,salaried,26.9,7,0.75,48.3,13.91
car,Kotak,827,2.4,business,22.2,3,0.73,55.2,13.9
education,SBI,712,5.1,salaried,19.2,1,,32.5,10.62
home,Axis,704,4.9,self_employed,184.0,9,0.64,56.1,13.23
car,SBI,758,48.5,salaried,35.9,5,0.57,41.4,10.14
car,ICICI,759,22.5,business,27.0,4,0.8,41.6,12.39
education,ICICI,789,34.8,salaried,35.4,13,,35.0,10.66
education,ICICI,694,16.4,salaried,30.2,15,,21.1,11.58
personal,SBI,721,37.3,salaried,20.1,6,,59.3,16.27
car,HDFC,605,47.5,salaried,31.4,6,0.74,43.3,12.99
education,SBI,726,28.5,salaried,5.5,11,,52.5,11.77
home,ICICI,667,50.0,self_employed,128.3,5,0.53,33.1,11.82
car,HDFC,750,11.2,salaried,25.8,3,0.59,41.1,10.76
education,Axis,698,35.7,business,34.2,11,,4.2,12.53
education,HDFC,717,33.2,salaried,30.4,1,,7.0,10.41
personal,ICICI,607,48.6,self_employed,3.7,2,,29.5,17.43
education,SBI,713,13.4,salaried,16.2,5,,7.8,9.89
personal,HDFC,678,6.1,self_employed,20.4,4,,33.6,16.62
car,HDFC,728,3.5,business,6.4,5,0.59,50.7,12.86
car,SBI,644,40.0,salaried,9.9,5,0.86,43.8,13.83
car,Kotak,666,17.7,business,11.2,1,0.6,40.2,13.25
car,HDFC,741,48.4,self_employed,12.9,7,0.89,41.8,13.05
home,HDFC,634,25.2,self_employed,66.0,7,0.8,42.8,13.11
car,Kotak,718,31.2,salaried,17.9,6,0.56,21.4,11.01
personal,Kotak,726,23.7,salaried,5.1,1,,4.7,15.59
education,Axis,700,33.8,salaried,36.6,6,,5.2,10.63
home,SBI,681,16.5,salaried,83.0,21,0.8,16.3,11.41
education,Axis,780,30.6,business,15.3,11,,31.2,11.18
home,ICICI,713,11.4,self_employed,26.5,29,0.6,2.2,10.44
home,SBI,702,36.8,salaried,31.5,10,0.69,32.4,9.96
education,HDFC,742,35.6,self_employed,17.1,4,,33.0,11.44
personal,HDFC,878,14.3,salaried,10.8,2,,45.4,15.09
car,ICICI,561,36.8,salaried,10.0,1,0.84,5.3,13.62
education,SBI,662,14.1,salaried,13.5,10,,43.8,11.39
education,SBI,801,16.7,self_employed,3.8,12,,44.7,10.24
home,SBI,721,31.2,self_employed,109.4,26,0.72,31.7,10.97
personal,ICICI,789,2.8,business,9.9,4,,40.9,16.12
home,ICICI,569,15.6,self_employed,101.6,30,0.76,21.3,12.94
home,SBI,645,16.5,self_employed,97.3,21,0.82,16.0,12.74
education,Kotak,761,41.5,salaried,34.4,9,,9.2,9.83
car,Kotak,811,2.8,self_employed,23.3,2,0.82,27.6,12.17
personal,HDFC,717,47.3,salaried,1.1,3,,26.5,14.92
home,ICICI,778,37.4,self_employed,177.6,13,0.53,59.6,11.63
personal,HDFC,656,2.1,self_employed,11.8,1,,10.7,16.97
personal,Axis,829,5.1,salaried,24.3,6,,54.3,16.89
education,Kotak,640,43.8,business,25.8,6,,36.2,13.95
home,HDFC,763,8.6,salaried,91.0,25,0.7,19.0,10.22
home,SBI,715,21.7,business,73.3,24,0.66,19.0,11.09
personal,Axis,649,27.3,business,2.4,3,,37.7,18.34
personal,ICICI,720,10.6,self_employed,3.4,7,,0.8,15.95
personal,HDFC,734,25.1,salaried,13.5,3,,46.2,15.97
home,HDFC,614,48.2,salaried,65.1,22,0.54,30.7,11.76
home,Kotak,808,9.7,salaried,193.9,25,0.74,43.2,11.3
home,SBI,660,26.4,salaried,86.2,8,0.59,55.9,12.33
personal,ICICI,787,15.2,salaried,22.8,7,,4.3,14.5
car,HDFC,751,17.1,salaried,14.3,1,0.88,30.2,10.91
personal,HDFC,593,11.2,business,19.5,4,,1.8,17.93
home,Axis,654,9.2,salaried,106.9,13,0.86,55.8,12.88
home,SBI,638,13.0,business,47.9,12,0.76,15.8,12.55
personal,Axis,695,22.0,self_employed,24.5,3,,55.6,18.16
home,ICICI,729,6.7,self_employed,164.3,20,0.52,12.6,11.64
education,ICICI,836,35.5,salaried,25.9,6,,39.2,10.3
home,ICICI,650,29.3,salaried,82.7,26,0.62,35.6,11.67
education,Axis,751,9.1,salaried,28.7,15,,1.2,10.07
education,ICICI,749,34.5,salaried,28.4,11,,30.5,10.33
home,ICICI,682,35.2,business,181.5,17,0.76,28.2,13.07
home,SBI,826,41.7,salaried,156.5,29,0.77,30.5,10.09
personal,SBI,649,24.6,self_employed,4.8,5,,56.8,17.92
home,ICICI,710,34.0,salaried,183.2,21,0.83,14.2,11.32
car,SBI,626,18.6,salaried,33.9,7,0.6,12.5,11.51
home,SBI,701,43.6,salaried,55.9,23,0.86,13.7,11.01
home,ICICI,687,3.9,self_employed,197.0,5,0.5,0.6,12.59
education,Axis,788,46.0,self_employed,39.9,5,,51.8,11.55
personal,SBI,718,39.7,salaried,20.1,1,,29.2,15.18
personal,SBI,552,7.7,business,20.3,6,,33.4,18.13
personal,HDFC,859,23.6,salaried,9.1,2,,14.5,14.41
car,SBI,751,4.8,salaried,37.1,1,0.72,44.3,11.09
education,Axis,875,2.9,salaried,26.5,11,,17.0,10.4
car,Axis,676,4.1,salaried,14.5,5,0.83,2.6,12.2
personal,Axis,709,14.6,salaried,2.6,2,,39.8,16.01
personal,Axis,686,11.2,self_employed,13.4,4,,48.3,17.02
home,Kotak,783,21.7,self_employed,101.6,20,0.53,28.7,10.36
home,HDFC,624,25.3,salaried,150.3,29,0.58,59.0,13.05
home,ICICI,900,4.2,self_employed,128.6,19,0.8,13.1,11.27
personal,Axis,636,41.4,self_employed,15.0,3,,31.1,17.33
education,SBI,651,32.2,self_employed,28.3,9,,36.7,12.23
car,Axis,787,19.1,salaried,6.7,5,0.9,46.2,11.72
home,Kotak,810,39.0,salaried,53.3,7,0.74,22.8,9.76
home,ICICI,763,40.9,salaried,178.5,8,0.55,46.0,10.74
home,ICICI,704,7.4,salaried,187.5,9,0.6,24.4,10.97
home,HDFC,705,9.1,salaried,126.2,15,0.54,6.1,10.28
car,SBI,822,48.5,business,12.4,5,0.84,6.6,11.04
home,ICICI,652,28.1,salaried,74.3,29,0.75,52.1,12.99
car,HDFC,555,4.3,self_employed,27.7,7,0.71,10.1,14.03
personal,SBI,715,21.0,self_employed,7.1,7,,59.0,17.07
personal,ICICI,671,17.7,salaried,18.9,5,,11.5,15.96
home,HDFC,708,3.1,salaried,91.7,22,0.76,25.9,11.94
personal,SBI,600,26.2,self_employed,14.1,1,,56.9,18.51
personal,SBI,787,45.0,salaried,16.7,3,,21.8,14.51
education,SBI,745,3.9,salaried,36.6,3,,42.8,11.7
personal,HDFC,820,14.7,salaried,1.1,5,,58.4,15.78
home,SBI,670,31.2,salaried,86.5,19,0.53,11.6,10.38
home,ICICI,819,11.0,salaried,20.7,18,0.9,47.0,11.87
education,SBI,688,35.3,salaried,20.1,13,,7.7,10.58
home,Kotak,686,4.0,self_employed,104.3,20,0.89,4.6,13.04
personal,Kotak,620,14.9,self_employed,16.7,3,,51.0,18.87
home,Kotak,596,45.2,salaried,138.1,16,0.62,25.4,12.71
personal,ICICI,765,34.8,salaried,13.0,6,,59.2,15.83
home,HDFC,652,33.2,salaried,14.7,18,0.71,16.7,10.32
car,SBI,611,5.1,business,28.6,7,0.69,30.3,13.63
car,Axis,657,6.3,salaried,19.0,5,0.6,49.5,12.17
home,ICICI,628,35.1,salaried,84.2,25,0.56,33.3,11.98
education,ICICI,727,12.4,salaried,8.2,10,,12.6,10.18
car,ICICI,640,8.1,salaried,26.7,4,0.68,45.2,13.33
education,ICICI,648,42.0,self_employed,8.6,10,,26.2,12.56
education,ICICI,588,14.3,business,19.7,14,,36.7,14.08
education,SBI,736,31.5,salaried,14.0,13,,20.2,10.24
car,SBI,763,8.7,self_employed,23.1,5,0.68,20.6,10.33
education,ICICI,833,22.2,salaried,38.5,3,,53.0,11.32
car,Kotak,787,5.8,salaried,5.7,5,0.85,57.2,12.76
education,HDFC,770,12.8,business,27.6,7,,19.6,10.75
personal,Axis,745,38.9,salaried,12.7,7,,17.1,15.04
home,SBI,708,28.9,salaried,148.4,18,0.82,43.4,11.13
personal,Kotak,640,42.1,salaried,4.6,1,,50.4,18.27
car,Axis,657,44.0,self_employed,31.6,4,0.9,10.0,13.01
education,SBI,742,47.4,salaried,16.9,4,,51.3,11.6
personal,Kotak,576,29.5,self_employed,20.7,6,,39.8,18.59
personal,Kotak,754,9.1,business,18.9,6,,13.4,15.84
car,ICICI,620,2.1,self_employed,7.4,1,0.7,23.0,13.15
personal,ICICI,752,4.3,self_employed,21.4,1,,7.1,15.69
personal,ICICI,628,10.4,salaried,19.9,7,,54.2,18.15
personal,SBI,624,45.3,salaried,10.5,3,,2.3,16.28
education,SBI,649,37.0,business,14.5,6,,39.0,13.51
personal,HDFC,693,31.0,business,8.8,3,,50.3,18.65
car,HDFC,542,23.0,self_employed,12.7,5,0.8,38.4,13.94
personal,SBI,713,41.0,self_employed,20.4,4,,43.0,16.2
personal,SBI,708,39.3,self_employed,13.0,1,,40.3,15.68
personal,HDFC,816,10.4,self_employed,8.7,3,,59.2,16.21
home,SBI,703,31.5,business,101.7,11,0.61,10.2,10.89
education,SBI,648,44.4,self_employed,23.7,1,,40.7,12.74
home,Axis,655,3.6,salaried,116.5,12,0.52,1.9,11.76
education,ICICI,678,23.0,salaried,11.9,10,,4.3,11.36
car,HDFC,659,21.6,salaried,9.6,6,0.73,55.7,12.5
car,ICICI,810,10.6,self_employed,38.5,1,0.82,5.3,11.21
personal,HDFC,652,31.0,salaried,4.9,2,,48.4,16.82
home,SBI,805,44.7,salaried,108.7,14,0.8,15.7,9.96
home,HDFC,639,20.8,salaried,145.5,29,0.89,31.7,13.02
car,SBI,669,43.2,self_employed,14.0,5,0.63,1.5,10.95
car,ICICI,714,15.8,salaried,26.6,7,0.88,29.4,12.12
home,Kotak,806,12.5,salaried,91.5,7,0.87,12.2,11.81
home,SBI,642,7.1,salaried,146.7,22,0.6,1.3,11.8
personal,ICICI,581,26.8,salaried,7.1,1,,39.2,17.85
car,HDFC,826,23.7,salaried,34.7,3,0.57,26.2,9.62
education,Axis,726,9.6,salaried,18.8,5,,54.4,12.13
home,SBI,641,24.3,self_employed,165.9,23,0.85,2.0,12.99
personal,HDFC,646,25.8,self_employed,11.1,7,,13.9,16.88
car,HDFC,703,21.3,salaried,16.9,4,0.58,20.7,10.39
car,HDFC,707,28.1,self_employed,27.2,4,0.59,23.3,11.05
home,ICICI,900,25.7,salaried,149.1,19,0.66,19.0,9.89
education,SBI,678,25.5,salaried,34.1,13,,59.0,12.33
personal,Axis,786,38.4,salaried,12.5,1,,59.5,15.66
personal,Axis,682,27.8,salaried,2.2,1,,36.5,16.96
home,Kotak,841,36.2,salaried,43.9,24,0.63,18.8,9.27
home,ICICI,627,48.9,self_employed,17.1,5,0.55,30.6,12.32
home,HDFC,663,45.4,self_employed,194.1,16,0.79,55.9,12.96
education,ICICI,651,44.9,salaried,21.7,2,,52.8,12.96
car,HDFC,576,49.1,self_employed,36.2,4,0.51,16.5,12.78
home,ICICI,603,46.2,business,153.9,14,0.61,48.3,13.01
car,ICICI,685,17.5,salaried,34.0,5,0.82,50.3,13.3
home,Kotak,642,15.1,salaried,49.8,8,0.62,42.3,12.66
home,HDFC,648,41.4,salaried,27.5,6,0.84,26.9,12.32
car,Axis,687,31.7,self_employed,19.9,5,0.58,15.0,11.76
home,Kotak,635,2.5,salaried,157.5,11,0.82,21.2,13.07
home,SBI,690,15.0,salaried,172.5,14,0.71,3.2,11.48
home,HDFC,721,40.7,business,61.6,5,0.85,8.3,11.98
personal,SBI,777,21.1,business,9.1,4,,38.6,15.71
car,Axis,533,23.6,salaried,24.1,2,0.55,42.9,13.17
car,SBI,811,19.7,salaried,21.0,7,0.64,46.7,10.32
personal,Axis,686,30.1,self_employed,24.4,3,,19.2,16.81
home,Kotak,675,40.8,self_employed,155.0,29,0.52,48.1,12.32
car,SBI,767,26.0,salaried,14.3,3,0.51,29.0,9.47
home,SBI,709,15.9,salaried,129.5,15,0.89,1.7,11.77
home,Kotak,900,28.9,salaried,100.3,24,0.77,3.8,10.32
personal,Kotak,647,35.8,salaried,16.5,6,,33.1,17.14
home,ICICI,609,27.6,business,166.5,12,0.86,6.3,12.92
car,HDFC,729,29.5,business,20.8,1,0.67,28.9,11.6
car,ICICI,610,13.5,salaried,27.4,1,0.62,14.2,12.34
personal,SBI,646,49.6,business,13.6,1,,56.2,18.65
home,Axis,643,13.1,salaried,76.6,12,0.77,17.4,12.78
car,ICICI,686,33.9,salaried,12.4,1,0.52,18.3,11.0
education,Kotak,636,7.1,business,27.9,15,,17.7,13.58
home,Kotak,755,19.3,salaried,33.9,26,0.67,0.3,9.24
car,SBI,688,14.2,salaried,36.6,6,0.75,9.2,11.78
home,HDFC,798,12.4,salaried,122.3,7,0.82,55.3,12.42
home,HDFC,785,14.1,self_employed,196.4,29,0.63,12.6,10.47
car,HDFC,697,30.6,business,25.4,5,0.74,41.8,12.9
home,ICICI,747,37.6,salaried,106.8,21,0.66,1.6,10.56
personal,ICICI,789,23.2,salaried,1.4,5,,53.9,15.9
education,HDFC,703,42.1,self_employed,33.4,13,,38.7,11.13
personal,Kotak,770,12.3,self_employed,2.0,4,,45.9,15.99
education,ICICI,559,3.4,salaried,24.6,10,,55.8,14.48
personal,ICICI,657,28.1,salaried,18.1,5,,49.5,16.32
education,Kotak,833,31.7,business,32.3,13,,34.0,10.96
education,ICICI,806,9.9,salaried,5.9,7,,0.7,10.07
education,Axis,688,48.2,business,33.5,10,,32.9,12.18
home,ICICI,647,9.6,salaried,164.4,29,0.64,0.6,12.48
education,HDFC,643,24.9,self_employed,27.9,9,,44.6,13.04
home,HDFC,732,22.3,salaried,107.8,17,0.73,4.0,10.55
car,Axis,615,24.6,self_employed,38.4,5,0.54,57.6,14.1
personal,ICICI,592,40.7,self_employed,9.8,6,,55.9,19.36
home,Kotak,509,23.5,salaried,196.3,19,0.81,45.7,13.02
car,Axis,741,20.2,salaried,20.5,4,0.59,0.7,10.16
education,ICICI,483,11.2,self_employed,14.0,15,,38.4,13.84
home,ICICI,621,10.6,salaried,140.9,18,0.89,18.6,13.18
home,SBI,752,8.8,self_employed,132.1,7,0.84,12.2,11.14
personal,SBI,735,6.9,salaried,8.4,7,,17.7,14.47
personal,Axis,599,43.9,salaried,17.9,2,,31.4,17.85
car,Kotak,711,46.7,salaried,29.7,4,0.55,45.8,11.0
home,Axis,707,47.2,salaried,174.8,5,0.89,59.7,13.01
car,SBI,559,15.5,salaried,39.0,5,0.78,47.2,13.7
education,Kotak,689,43.1,business,2.9,12,,15.1,12.67
home,ICICI,686,22.4,salaried,39.8,10,0.54,29.3,11.14
car,Axis,727,6.6,salaried,17.4,3,0.81,32.5,11.6
personal,Axis,768,41.2,business,4.1,3,,35.7,16.22
education,Axis,654,10.0,self_employed,39.7,15,,21.4,12.05
car,Kotak,737,34.8,self_employed,32.3,3,0.72,55.1,13.03
car,SBI,598,11.5,business,13.4,2,0.53,40.7,13.78
personal,SBI,771,44.5,salaried,6.3,1,,48.3,14.46
home,SBI,547,9.0,self_employed,150.0,28,0.86,44.4,13.04
personal,SBI,870,22.1,salaried,18.1,7,,49.4,15.01
personal,ICICI,769,22.1,salaried,22.9,1,,34.3,14.92
home,Axis,877,6.9,self_employed,170.5,29,0.89,38.2,13.02
education,Kotak,663,24.4,salaried,10.4,13,,2.1,11.09
home,ICICI,683,31.1,self_employed,124.8,28,0.67,16.5,11.9
personal,SBI,630,36.5,salaried,6.1,3,,46.1,17.26
education,HDFC,835,11.8,salaried,7.1,13,,29.1,9.8
car,ICICI,692,5.1,business,11.2,7,0.7,12.9,12.39
education,HDFC,675,45.4,self_employed,40.0,11,,10.6,11.46
home,HDFC,653,12.7,self_employed,45.7,16,0.51,47.4,11.68
education,HDFC,652,45.8,salaried,17.2,1,,55.7,12.68
education,SBI,730,43.5,self_employed,27.3,11,,43.4,11.46
education,HDFC,775,42.6,self_employed,21.5,13,,15.5,10.22
education,SBI,784,47.2,self_employed,33.5,3,,24.2,9.92
education,HDFC,744,14.1,salaried,18.7,8,,16.9,10.17
home,SBI,564,9.7,salaried,63.6,19,0.52,31.0,12.94
education,Axis,600,14.1,salaried,7.8,11,,21.7,12.07
home,SBI,657,40.7,salaried,58.1,24,0.57,48.2,11.21
personal,Kotak,657,14.6,salaried,14.3,4,,32.1,16.35
education,HDFC,773,18.9,salaried,32.7,4,,18.5,9.52
car,Kotak,693,18.4,salaried,38.7,6,0.75,21.4,12.44
education,HDFC,601,38.7,salaried,20.2,6,,28.8,12.29
home,Axis,679,21.3,salaried,170.7,18,0.75,17.7,12.17
car,Axis,574,32.1,salaried,14.2,7,0.85,18.1,13.98
personal,Kotak,633,21.7,salaried,18.3,6,,46.8,17.52
education,Kotak,789,13.6,self_employed,35.2,4,,43.9,11.58
home,SBI,703,25.8,self_employed,37.4,28,0.69,7.5,10.01
car,Axis,574,42.1,salaried,32.0,4,0.51,41.7,13.37
car,Axis,752,8.4,self_employed,27.8,5,0.87,33.6,11.97
car,HDFC,732,46.8,business,37.7,1,0.63,48.6,12.07
home,Axis,602,21.0,salaried,43.2,28,0.7,0.6,11.69
personal,SBI,687,45.8,salaried,19.7,4,,21.8,15.82
home,Kotak,723,37.1,self_employed,157.6,18,0.82,1.2,12.0
personal,SBI,819,7.3,business,21.7,3,,36.9,16.26
home,ICICI,607,7.9,self_employed,196.2,16,0.67,43.6,13.03
home,HDFC,574,24.2,self_employed,84.1,7,0.63,48.6,12.91
car,Kotak,736,15.2,business,33.5,2,0.73,20.4,12.04
home,Kotak,791,11.2,salaried,131.3,15,0.5,33.4,10.58
personal,SBI,643,7.6,self_employed,15.3,1,,23.6,17.12
personal,SBI,809,19.9,self_employed,7.3,1,,38.9,15.44
car,Axis,744,41.3,self_employed,24.7,1,0.76,40.8,12.47
education,Axis,657,29.0,business,2.8,2,,31.5,12.71
personal,HDFC,508,9.8,self_employed,3.8,1,,17.2,17.75
personal,ICICI,682,7.0,salaried,20.5,6,,17.6,16.25
car,ICICI,624,43.9,salaried,21.8,6,0.65,7.5,11.88
education,HDFC,669,27.0,salaried,16.3,6,,50.8,12.65
home,SBI,676,3.4,salaried,85.5,8,0.9,55.7,12.83
car,HDFC,741,36.1,self_employed,13.9,3,0.87,51.2,13.9
education,HDFC,684,43.2,salaried,11.4,13,,25.4,11.32
education,HDFC,762,11.8,self_employed,14.2,13,,19.8,10.25
home,Kotak,721,12.8,salaried,126.3,22,0.54,36.1,12.02
personal,SBI,824,27.1,salaried,4.8,7,,43.0,14.54
home,SBI,676,14.7,self_employed,143.8,16,0.72,27.7,11.86
education,Axis,693,33.6,business,35.9,1,,53.6,13.93
education,ICICI,853,34.6,self_employed,10.8,12,,33.1,10.53
home,Kotak,704,30.6,salaried,16.0,25,0.79,24.7,11.03
personal,Kotak,862,25.9,salaried,4.2,1,,38.5,15.39
personal,HDFC,611,28.7,salaried,3.6,6,,46.2,17.09
education,ICICI,679,15.0,self_employed,12.1,7,,26.3,11.65
home,ICICI,781,30.3,self_employed,187.6,17,0.5,25.8,11.07
home,HDFC,784,37.0,self_employed,10.0,17,0.89,49.9,11.83
car,Axis,583,41.8,self_employed,22.9,3,0.7,24.8,13.92
education,ICICI,740,46.5,salaried,15.6,6,,54.5,12.08
personal,ICICI,566,23.7,self_employed,6.9,6,,7.6,17.74
car,Axis,738,46.5,salaried,17.9,6,0.68,15.4,10.44
car,ICICI,663,32.0,self_employed,15.5,3,0.78,20.1,12.81
car,Axis,698,23.6,salaried,10.4,1,0.83,24.1,12.42
car,Axis,748,19.1,salaried,39.6,6,0.6,46.3,11.48
home,SBI,615,9.0,salaried,64.9,30,0.77,45.5,12.9
home,Kotak,702,15.3,self_employed,199.4,20,0.67,56.6,13.01
personal,HDFC,797,24.4,self_employed,16.0,2,,30.7,15.19
home,SBI,719,47.3,self_employed,28.7,8,0.82,15.5,10.68
education,Kotak,696,44.3,salaried,16.5,4,,15.9,11.37
car,SBI,626,40.6,salaried,16.7,3,0.64,15.0,11.58
education,HDFC,636,48.9,business,33.9,2,,20.3,13.18
car,SBI,637,12.1,salaried,26.4,5,0.74,41.7,12.81
education,Kotak,514,14.1,business,24.6,1,,19.5,13.68
car,ICICI,680,5.8,salaried,32.2,4,0.73,10.8,12.07
home,ICICI,843,4.4,salaried,23.2,22,0.71,48.3,10.86
education,Axis,765,21.7,self_employed,35.2,4,,1.8,9.9
personal,SBI,743,18.3,self_employed,2.7,6,,59.9,16.7
car,SBI,613,27.3,self_employed,17.6,3,0.62,33.6,12.14
home,SBI,716,11.5,salaried,106.6,29,0.78,3.2,10.83
car,Kotak,799,8.8,business,33.9,7,0.87,32.9,12.92
personal,Kotak,641,42.5,business,11.4,2,,16.4,18.15
car,SBI,838,9.9,self_employed,8.5,6,0.65,42.9,10.56
home,Axis,800,8.5,salaried,38.7,29,0.68,37.6,10.69
car,Axis,778,16.6,salaried,39.6,2,0.77,1.2,10.89
education,HDFC,702,19.3,self_employed,19.1,8,,7.3,10.64
education,ICICI,655,7.4,self_employed,12.4,10,,0.5,11.77
home,SBI,710,32.6,salaried,66.3,19,0.64,10.8,9.56
personal,SBI,744,12.3,salaried,13.4,2,,57.0,16.53
personal,Kotak,707,5.0,business,24.0,7,,18.3,16.94
personal,ICICI,592,12.4,salaried,7.1,5,,36.6,18.5
car,Kotak,732,10.3,salaried,16.2,2,0.53,56.0,11.96
car,ICICI,862,39.2,salaried,4.3,3,0.53,12.6,9.43
education,Axis,690,22.0,salaried,18.6,12,,57.3,12.42
car,ICICI,811,41.7,self_employed,7.0,6,0.7,47.2,11.51
education,SBI,518,18.3,self_employed,25.2,10,,50.6,14.31
car,HDFC,667,35.0,business,16.0,2,0.79,44.6,13.18
home,Kotak,679,5.3,salaried,107.0,8,0.64,47.5,12.44
education,HDFC,641,25.9,salaried,14.4,8,,11.2,11.86
education,Kotak,520,41.7,salaried,1.9,4,,12.3,12.93
personal,Kotak,731,36.7,salaried,5.6,5,,16.7,15.3
personal,Kotak,808,22.5,salaried,6.6,4,,23.1,14.62
personal,HDFC,600,11.5,salaried,23.5,5,,36.2,17.78
car,SBI,701,9.8,self_employed,18.4,3,0.71,35.4,11.23
car,SBI,635,26.9,salaried,23.8,2,0.86,55.0,13.93
home,Kotak,672,30.8,salaried,32.4,14,0.52,13.2,11.01
personal,ICICI,630,9.7,salaried,10.6,2,,56.9,18.05
car,Axis,664,17.0,salaried,33.3,5,0.88,27.7,12.9
car,ICICI,655,33.7,salaried,14.8,6,0.67,33.1,11.46
education,ICICI,745,12.3,salaried,28.9,11,,54.7,12.21
education,Axis,759,11.0,salaried,34.5,6,,25.3,9.79
home,Kotak,676,32.2,salaried,160.7,17,0.68,42.8,12.46
home,Kotak,660,10.9,business,33.9,16,0.61,50.5,13.05
personal,ICICI,782,2.4,self_employed,1.8,4,,31.1,15.21
car,HDFC,792,46.7,salaried,34.1,2,0.54,29.5,10.05
education,Axis,743,2.1,salaried,29.3,7,,56.8,13.2
car,Kotak,743,18.3,business,9.5,3,0.77,32.0,12.49
home,Axis,576,20.9,salaried,142.2,17,0.52,5.7,13.13
personal,ICICI,737,3.8,salaried,12.7,4,,34.4,16.05
personal,Kotak,672,34.4,salaried,14.4,2,,18.3,15.88
personal,Axis,765,3.5,salaried,3.0,2,,52.7,15.99
personal,ICICI,769,36.6,salaried,21.7,6,,11.9,14.27
education,ICICI,823,33.7,salaried,17.0,7,,43.1,10.48
home,Kotak,733,19.2,salaried,32.5,20,0.84,59.5,12.13
personal,Axis,837,42.2,self_employed,23.8,5,,4.7,15.01
personal,Kotak,760,40.7,self_employed,17.6,1,,38.6,15.7
car,Kotak,643,36.2,salaried,24.5,6,0.74,5.3,12.1
home,ICICI,531,29.2,self_employed,79.4,9,0.59,42.8,13.15
car,Axis,583,11.6,salaried,39.6,3,0.79,43.8,14.03
home,Kotak,695,9.1,self_employed,116.1,29,0.64,57.8,12.98
education,Axis,685,9.2,salaried,11.3,12,,12.7,11.08
home,Kotak,827,27.5,business,27.5,6,0.9,50.1,13.15
education,SBI,647,24.7,salaried,27.4,7,,49.4,12.32
education,Kotak,687,8.5,salaried,36.6,2,,26.4,11.97
home,ICICI,645,18.8,salaried,150.9,27,0.77,14.0,12.95
personal,ICICI,660,29.1,salaried,18.2,7,,10.7,16.08
home,ICICI,752,24.6,self_employed,84.1,26,0.88,38.1,12.11
education,Axis,709,12.6,salaried,19.7,15,,2.0,10.69
personal,ICICI,806,8.0,salaried,21.6,1,,56.8,16.08
education,Axis,714,46.8,salaried,13.4,6,,38.6,11.39
education,SBI,724,18.0,business,20.6,11,,25.0,11.3
personal,Kotak,815,46.9,business,15.2,7,,44.2,16.15
personal,Kotak,804,2.3,business,24.6,2,,53.7,18.26
education,ICICI,742,6.8,business,37.0,12,,0.7,11.61
car,ICICI,686,45.4,self_employed,18.2,4,0.69,26.9,12.45
home,ICICI,584,9.1,salaried,134.2,26,0.85,44.6,13.04
car,ICICI,632,27.1,business,26.4,7,0.52,58.7,13.96
personal,Axis,658,31.4,self_employed,18.2,2,,3.8,16.21
education,Axis,733,48.3,salaried,17.2,15,,43.2,11.04
personal,HDFC,714,18.2,business,17.9,6,,20.5,16.28
car,ICICI,888,15.7,self_employed,3.9,1,0.54,10.3,9.75
home,ICICI,736,36.5,salaried,23.9,17,0.56,50.2,11.08
personal,Axis,685,23.1,salaried,4.0,4,,0.9,15.71
education,HDFC,649,44.9,salaried,35.6,8,,51.5,13.17
home,Kotak,584,13.1,salaried,181.3,29,0.68,48.6,12.96
car,ICICI,626,23.4,salaried,35.3,1,0.71,8.4,12.33
home,ICICI,666,32.1,salaried,148.2,23,0.66,32.3,11.65
home,Axis,596,3.0,salaried,108.8,22,0.86,13.6,12.97
personal,Kotak,649,27.0,self_employed,5.1,4,,51.1,18.69
education,SBI,806,24.9,self_employed,20.7,1,,19.9,9.61
home,Kotak,701,10.0,business,144.0,19,0.77,43.5,13.19
personal,Kotak,775,11.3,salaried,7.3,4,,23.0,14.92
car,ICICI,622,2.8,salaried,16.5,2,0.59,28.5,12.36
home,SBI,735,49.2,business,13.8,22,0.63,55.6,12.12
home,Axis,730,10.8,self_employed,50.5,21,0.77,40.8,12.53
personal,ICICI,697,21.1,self_employed,8.4,6,,48.8,17.16
car,Kotak,653,30.0,self_employed,4.8,5,0.64,25.8,12.0
car,SBI,635,47.9,self_employed,27.7,7,0.71,0.4,12.19
education,HDFC,718,9.4,self_employed,10.8,15,,54.7,12.59
car,HDFC,737,13.3,salaried,36.6,2,0.67,17.9,11.02
education,SBI,691,28.6,salaried,4.1,1,,11.4,10.85
personal,SBI,652,28.4,self_employed,8.0,4,,34.8,16.1
home,ICICI,644,22.0,salaried,76.6,10,0.8,58.1,13.08
education,SBI,763,27.0,salaried,20.0,4,,12.1,9.12
home,SBI,635,32.4,salaried,177.2,28,0.52,46.6,12.15
home,HDFC,801,31.1,self_employed,79.4,5,0.72,11.0,9.61
car,ICICI,808,39.3,salaried,32.2,2,0.6,51.7,11.39
car,Kotak,708,33.0,business,23.2,4,0.84,20.0,12.59
education,SBI,580,33.0,business,16.4,2,,16.2,13.47
home,SBI,645,15.9,self_employed,188.2,8,0.72,23.0,12.87
education,ICICI,687,37.8,salaried,9.0,14,,50.4,12.37
car,HDFC,750,50.0,salaried,27.8,5,0.86,21.8,11.09
car,HDFC,804,38.5,salaried,34.6,2,0.56,15.9,9.25
personal,SBI,750,17.7,salaried,8.0,6,,15.1,13.89
personal,Kotak,900,48.8,salaried,22.9,6,,41.8,15.63
education,SBI,692,31.9,salaried,33.8,9,,7.9,10.82
car,HDFC,698,19.1,salaried,12.3,3,0.6,24.9,10.93
personal,ICICI,731,27.6,salaried,4.4,3,,0.5,15.03
personal,ICICI,708,30.3,self_employed,8.2,3,,47.4,16.1
home,SBI,749,32.7,salaried,22.8,27,0.82,10.0,10.4
car,SBI,764,37.5,salaried,29.1,7,0.77,52.4,11.68
education,HDFC,840,43.6,business,2.7,12,,45.5,11.48
education,Kotak,552,6.3,self_employed,22.9,5,,49.2,14.42
education,Axis,611,33.6,salaried,25.3,9,,17.8,11.63
car,Axis,727,5.5,salaried,17.0,6,0.84,18.6,11.65
education,ICICI,702,49.9,salaried,21.5,15,,26.0,10.98
education,HDFC,590,12.8,salaried,11.6,11,,58.6,14.22
education,Axis,767,2.5,salaried,27.4,5,,19.3,10.42
home,ICICI,730,32.0,self_employed,87.7,29,0.7,1.1,10.75
home,Axis,707,12.1,self_employed,190.3,5,0.86,24.2,12.93
personal,Kotak,714,30.5,business,20.2,1,,55.7,18.01
education,HDFC,590,31.5,salaried,36.2,15,,23.8,12.54
home,Axis,830,12.6,salaried,80.0,24,0.88,26.6,12.14
personal,Axis,774,24.8,salaried,23.7,4,,17.4,14.58
education,ICICI,696,19.4,salaried,13.4,9,,34.1,11.35
education,Axis,515,29.1,salaried,19.3,10,,43.8,13.62
education,Kotak,598,5.3,salaried,17.1,7,,54.5,14.46
personal,SBI,722,11.0,salaried,7.8,1,,0.9,14.76
education,SBI,667,5.4,salaried,32.1,12,,43.5,11.56
home,ICICI,712,48.5,salaried,100.8,18,0.65,11.1,10.39
personal,SBI,715,32.1,business,13.9,1,,5.6,15.76
car,ICICI,642,47.6,self_employed,24.4,7,0.6,40.7,12.86
personal,Axis,630,19.9,business,11.9,7,,58.9,19.39
education,Kotak,728,43.1,self_employed,19.8,8,,29.2,11.09
personal,Kotak,643,27.3,salaried,11.8,3,,1.1,17.07
education,SBI,771,17.4,salaried,29.3,1,,45.1,9.62
personal,ICICI,691,21.6,salaried,17.9,5,,15.1,15.76
personal,SBI,699,39.0,salaried,1.1,3,,12.8,15.21
car,Kotak,651,48.0,self_employed,21.6,3,0.63,21.6,12.21
home,SBI,625,39.8,salaried,74.4,9,0.78,40.3,12.45
home,Axis,678,42.2,self_employed,22.7,14,0.74,39.5,11.87
car,Axis,820,17.4,salaried,16.2,3,0.83,42.3,11.27
car,Kotak,773,8.5,self_employed,18.1,4,0.55,41.8,11.43
education,SBI,706,13.0,business,5.7,3,,57.7,12.65
education,SBI,724,24.8,self_employed,34.3,1,,47.9,11.34
personal,Axis,793,49.0,salaried,18.1,5,,22.5,14.89
education,Kotak,841,8.5,salaried,32.7,6,,57.0,11.5
personal,SBI,660,11.8,salaried,16.5,2,,4.0,15.63
personal,Axis,630,42.0,self_employed,10.7,6,,55.9,18.71
personal,ICICI,727,35.3,salaried,2.3,4,,14.1,15.54
home,Kotak,768,25.1,salaried,111.0,13,0.53,13.0,9.62
personal,ICICI,808,33.5,salaried,15.6,5,,9.6,14.53
personal,Kotak,678,40.7,salaried,8.1,6,,51.5,17.17
home,HDFC,580,36.4,salaried,123.0,22,0.5,28.9,12.52
home,ICICI,651,14.3,business,16.1,7,0.58,46.5,12.43
car,HDFC,703,33.8,business,14.5,2,0.86,57.0,13.98
car,ICICI,726,11.0,business,4.2,3,0.84,24.2,12.36
home,HDFC,720,25.3,business,77.2,30,0.87,5.6,12.44
home,SBI,762,37.5,business,95.1,18,0.85,19.0,11.51
education,SBI,635,35.1,self_employed,36.3,15,,2.6,12.06
personal,Kotak,626,30.6,salaried,21.1,7,,45.2,17.61
car,ICICI,721,17.1,salaried,4.9,7,0.56,52.2,11.9
home,SBI,739,21.0,salaried,98.6,25,0.87,40.2,12.48
home,Kotak,697,24.1,business,117.6,5,0.69,5.6,12.76
education,SBI,827,40.3,salaried,37.9,6,,37.8,9.96
education,ICICI,674,7.9,business,37.8,7,,42.8,13.18
personal,SBI,729,40.5,salaried,24.7,2,,27.0,14.87
education,Kotak,676,15.1,salaried,29.1,15,,2.0,11.01
personal,Kotak,900,14.8,salaried,22.9,3,,57.8,16.11
car,Axis,831,12.4,salaried,5.3,3,0.63,22.9,10.05
car,Axis,671,38.9,salaried,28.5,7,0.82,2.4,11.87
car,ICICI,687,4.9,business,39.7,4,0.52,21.2,13.68
car,Kotak,552,33.5,self_employed,26.7,2,0.84,57.2,14.03
education,Kotak,752,47.6,self_employed,5.5,5,,12.3,10.21
education,ICICI,762,21.2,salaried,18.5,6,,24.6,10.17
car,ICICI,687,23.5,business,12.5,2,0.78,59.2,14.06
car,Axis,670,18.6,salaried,34.9,7,0.82,9.7,12.3
car,HDFC,608,38.3,salaried,4.8,4,0.77,15.1,12.44
education,ICICI,732,5.0,self_employed,9.1,15,,5.2,10.9
education,Axis,706,30.8,self_employed,39.1,13,,10.5,10.91
car,SBI,542,17.6,self_employed,11.8,6,0.87,41.1,14.12
home,Axis,713,11.1,salaried,118.1,25,0.63,29.3,11.4
education,Axis,813,45.3,salaried,36.7,11,,15.4,9.53
education,Kotak,658,4.7,salaried,3.0,2,,25.8,11.6
personal,Kotak,716,21.8,salaried,11.2,5,,50.5,16.52
car,HDFC,779,28.8,salaried,4.2,5,0.71,52.6,11.27
car,ICICI,559,34.1,salaried,11.4,6,0.69,21.1,13.17
home,SBI,703,2.1,business,181.1,25,0.51,22.6,12.02
personal,ICICI,539,14.0,self_employed,15.3,4,,40.5,18.53
home,Kotak,621,8.7,salaried,67.0,27,0.52,14.7,12.73
home,HDFC,682,47.5,salaried,75.0,19,0.75,13.5,11.52
home,Kotak,612,33.9,self_employed,50.7,8,0.55,2.3,12.17
car,Axis,812,37.4,salaried,14.0,2,0.56,50.3,11.33
education,Kotak,740,2.6,self_employed,27.7,9,,56.7,13.48
car,ICICI,684,44.6,salaried,30.0,1,0.7,27.8,11.46
home,ICICI,606,20.4,salaried,175.6,24,0.7,6.9,12.58
personal,Kotak,633,48.3,self_employed,10.7,3,,48.0,17.89
car,ICICI,742,38.9,business,18.9,7,0.58,45.1,12.56
home,SBI,651,12.5,self_employed,119.8,14,0.82,26.0,12.96
personal,ICICI,645,22.4,salaried,19.1,2,,1.1,16.72
personal,Kotak,689,10.2,salaried,16.7,5,,26.7,16.38
car,HDFC,739,9.1,self_employed,19.7,2,0.83,3.2,11.76
home,Kotak,776,6.8,salaried,166.3,5,0.67,18.3,10.74
car,ICICI,848,14.5,self_employed,37.9,4,0.78,4.8,11.23
personal,Axis,634,17.8,self_employed,20.4,5,,27.9,17.43
home,HDFC,671,48.1,salaried,130.3,28,0.83,53.8,12.88
car,Kotak,626,27.1,self_employed,18.9,6,0.54,25.4,12.59
home,Kotak,685,32.1,business,73.9,30,0.87,41.0,12.99
home,ICICI,840,10.8,salaried,125.9,11,0.81,34.5,10.86
education,Axis,706,44.7,salaried,27.3,11,,24.1,10.78
personal,HDFC,645,39.8,business,14.1,4,,57.9,18.83
home,Kotak,727,18.4,salaried,113.3,30,0.85,9.6,12.53
car,ICICI,684,21.1,salaried,9.4,3,0.65,8.5,11.59
personal,HDFC,709,38.3,self_employed,3.7,7,,57.8,16.75
home,Axis,650,12.8,salaried,77.0,16,0.7,35.6,12.94
home,SBI,693,23.6,salaried,90.5,20,0.52,7.3,10.86
car,SBI,776,29.1,self_employed,34.9,5,0.7,19.0,10.06
personal,ICICI,674,30.5,salaried,5.5,7,,45.3,16.44
car,SBI,775,9.3,salaried,26.9,2,0.73,18.3,9.68
home,HDFC,771,33.9,business,88.7,8,0.71,31.7,11.16
home,SBI,635,9.3,self_employed,143.1,10,0.76,23.1,13.09
car,ICICI,800,18.9,self_employed,9.2,3,0.54,50.3,11.81
home,Kotak,602,46.6,self_employed,68.3,22,0.78,17.6,12.93
personal,Axis,809,24.0,self_employed,7.6,1,,20.6,15.34
home,HDFC,735,3.1,salaried,172.7,29,0.75,28.9,11.61
education,ICICI,694,27.3,business,27.5,2,,48.9,12.79
home,Kotak,742,49.9,salaried,80.7,19,0.65,32.3,10.8
home,SBI,694,35.4,salaried,190.7,7,0.51,20.2,10.77
personal,SBI,775,27.6,business,6.2,2,,53.2,16.17
home,Axis,685,38.3,salaried,28.6,16,0.79,10.4,11.34
education,HDFC,695,48.6,business,22.5,3,,29.7,12.01
car,HDFC,644,14.3,salaried,10.3,3,0.55,41.4,12.46
personal,Kotak,717,14.1,salaried,8.5,2,,45.2,16.16
education,HDFC,719,14.7,salaried,6.1,7,,12.5,10.26
personal,HDFC,769,32.9,salaried,18.1,6,,27.5,14.81
personal,SBI,823,30.0,salaried,23.5,2,,20.0,13.96
home,SBI,727,23.5,salaried,135.8,22,0.52,0.6,9.8
personal,HDFC,640,28.2,salaried,21.6,4,,13.2,16.34
personal,Axis,657,37.1,self_employed,18.7,6,,38.5,17.42
personal,Axis,689,43.9,business,6.4,2,,40.4,17.86
personal,SBI,773,45.0,salaried,14.9,5,,43.6,14.36
education,ICICI,664,13.5,salaried,21.1,8,,20.6,11.52
education,Axis,852,45.7,salaried,8.4,13,,17.4,9.45
car,HDFC,739,43.8,self_employed,26.5,6,0.54,10.4,10.53
education,SBI,654,48.7,business,12.2,15,,52.8,13.5
car,HDFC,527,40.0,salaried,31.1,5,0.83,42.4,14.04
personal,ICICI,703,32.2,salaried,24.7,3,,28.4,15.36
education,SBI,645,7.7,salaried,28.3,4,,10.2,11.41
car,SBI,635,28.9,salaried,17.7,5,0.64,26.6,11.39
personal,SBI,590,28.9,salaried,20.6,3,,3.9,17.01
personal,Kotak,782,39.4,salaried,12.5,5,,6.1,14.58
personal,Kotak,721,8.3,self_employed,3.8,5,,59.9,17.24
home,Kotak,623,6.9,self_employed,150.1,21,0.63,51.4,12.95
home,ICICI,745,23.1,self_employed,82.1,9,0.82,25.0,11.5
home,HDFC,671,43.3,salaried,185.7,11,0.57,5.9,10.85
education,Kotak,663,6.2,salaried,28.5,15,,54.8,13.67
personal,ICICI,717,23.7,salaried,22.1,1,,26.6,15.11
home,HDFC,784,22.7,business,86.3,13,0.87,28.1,11.83
personal,Axis,588,48.5,self_employed,18.4,1,,46.5,18.77
personal,ICICI,669,47.1,salaried,8.6,6,,53.5,17.58
personal,HDFC,690,43.8,salaried,11.8,3,,6.9,16.08
home,HDFC,742,5.5,self_employed,169.0,30,0.87,19.7,12.75
education,Kotak,645,38.0,business,23.0,11,,41.8,13.64
personal,SBI,776,38.1,business,6.0,7,,37.4,15.6
education,ICICI,661,21.0,salaried,39.3,9,,13.9,10.94
education,HDFC,723,26.5,salaried,16.7,12,,26.2,10.33
home,HDFC,671,11.1,salaried,16.0,15,0.63,58.6,12.19
personal,HDFC,579,24.9,salaried,23.1,4,,11.4,17.23
personal,Kotak,847,4.5,self_employed,6.1,2,,48.5,15.65
personal,Kotak,767,32.4,salaried,19.5,2,,50.9,16.03
car,Kotak,729,33.7,salaried,18.1,4,0.51,6.8,10.57
car,Axis,683,48.5,salaried,38.3,6,0.79,16.1,12.26
personal,HDFC,812,39.9,salaried,19.2,6,,18.0,14.43
personal,ICICI,576,29.8,salaried,14.9,6,,36.8,18.02
home,HDFC,674,38.6,salaried,125.5,5,0.75,6.1,11.47
education,HDFC,681,9.5,self_employed,38.3,8,,7.8,11.71
personal,Kotak,646,26.9,business,19.8,6,,9.2,17.62
personal,ICICI,736,20.1,salaried,1.0,4,,33.2,15.44
home,SBI,687,31.1,self_employed,102.1,12,0.72,50.8,12.77
personal,HDFC,787,4.8,salaried,22.7,1,,14.0,15.06
personal,Kotak,809,9.8,salaried,8.0,2,,58.2,16.03
personal,Kotak,717,36.5,self_employed,7.4,2,,59.5,17.62
personal,HDFC,860,6.9,salaried,8.9,6,,10.1,14.22
personal,ICICI,529,14.3,salaried,21.4,1,,36.9,18.22
education,Kotak,740,39.0,salaried,36.0,1,,45.7,11.02
car,Axis,633,44.2,salaried,21.9,1,0.54,12.6,12.27
personal,ICICI,715,40.3,self_employed,15.3,6,,34.3,16.33
car,Axis,595,23.0,business,30.4,5,0.65,2.4,13.94
home,SBI,714,17.8,salaried,84.2,5,0.83,37.1,11.81
education,ICICI,767,49.3,salaried,9.3,10,,46.8,10.44
home,ICICI,836,44.7,business,49.9,28,0.86,29.5,11.83
car,Axis,709,18.5,salaried,26.1,7,0.9,53.3,13.41
education,Axis,646,2.6,self_employed,16.6,10,,0.5,13.51
personal,Kotak,594,39.9,salaried,19.8,7,,54.7,18.91
car,SBI,639,11.0,business,21.5,7,0.58,58.4,13.88
car,ICICI,633,2.3,business,4.9,2,0.76,51.3,14.03
home,HDFC,747,39.1,salaried,37.6,12,0.81,25.9,10.55
education,SBI,722,19.1,self_employed,12.0,8,,57.3,12.18
car,Kotak,776,2.7,self_employed,30.7,1,0.7,29.4,11.92
personal,Axis,745,14.5,self_employed,17.4,3,,7.2,15.84
personal,Kotak,721,27.6,self_employed,16.3,3,,16.1,15.93
education,ICICI,678,48.7,salaried,6.6,3,,0.1,11.4
personal,SBI,846,46.9,self_employed,17.0,3,,34.2,14.76
education,SBI,731,11.1,salaried,3.5,5,,33.7,10.19
education,Axis,654,42.0,salaried,25.0,7,,9.2,11.2
personal,HDFC,608,40.0,self_employed,12.2,4,,49.0,17.39
education,Axis,501,15.9,salaried,7.7,5,,47.8,13.43
car,HDFC,712,31.1,salaried,29.1,3,0.58,51.6,11.75
home,Axis,647,23.8,salaried,161.1,11,0.84,13.2,12.93
education,ICICI,648,12.9,salaried,31.9,3,,31.0,12.5
home,Axis,744,38.7,business,169.6,15,0.62,18.4,11.76
home,ICICI,730,17.4,business,198.0,29,0.62,21.6,12.41
car,Kotak,726,44.7,salaried,15.6,6,0.76,24.2,11.35
home,Axis,658,33.4,salaried,20.2,20,0.66,23.8,10.96
education,Kotak,750,12.5,salaried,11.0,5,,48.0,10.42
personal,Axis,762,7.5,self_employed,24.8,2,,31.9,15.31
personal,Kotak,812,13.9,business,17.3,3,,47.1,16.44
home,HDFC,748,25.7,salaried,69.1,13,0.65,5.9,10.49
home,Kotak,683,42.4,salaried,182.3,23,0.61,12.5,11.39
education,Kotak,724,20.6,self_employed,17.6,10,,29.7,11.25
home,Axis,897,20.5,self_employed,34.0,13,0.68,36.2,10.83
home,Axis,771,49.3,salaried,109.2,5,0.55,9.3,9.63
education,HDFC,653,6.6,self_employed,2.6,6,,54.9,13.21
home,ICICI,842,12.3,salaried,147.2,28,0.66,44.8,11.12
home,Axis,606,11.8,self_employed,141.7,12,0.73,4.2,12.9
personal,SBI,714,46.4,business,13.1,7,,47.6,16.38
home,Kotak,540,42.1,self_employed,154.1,14,0.69,13.1,12.93
car,SBI,795,16.1,salaried,31.2,5,0.57,13.4,8.95
car,Kotak,783,31.7,salaried,30.8,7,0.67,35.5,10.9
home,Axis,761,9.2,self_employed,168.8,30,0.61,44.0,11.36
home,SBI,740,23.9,self_employed,72.4,10,0.63,38.4,10.91
personal,HDFC,632,42.2,business,15.7,5,,54.2,19.25
personal,ICICI,676,17.7,self_employed,6.2,3,,33.6,16.72
personal,ICICI,829,47.6,business,3.0,3,,40.0,16.25
personal,SBI,677,6.4,salaried,19.0,6,,1.2,15.56
personal,SBI,712,42.2,salaried,10.0,2,,40.0,15.46
personal,Kotak,731,22.8,self_employed,7.6,3,,37.7,16.63
personal,HDFC,842,41.4,self_employed,9.2,5,,25.2,14.94
personal,Kotak,724,2.0,salaried,1.4,1,,47.9,15.68
home,ICICI,589,10.4,salaried,160.4,9,0.7,11.7,12.91
personal,ICICI,592,22.7,salaried,12.4,6,,3.2,17.52
car,ICICI,682,30.6,salaried,13.6,2,0.54,23.8,11.2
car,Axis,697,11.6,salaried,18.3,7,0.59,17.5,11.42
car,Axis,730,30.8,salaried,6.7,4,0.57,22.4,10.6
education,Axis,685,11.2,self_employed,11.6,10,,14.4,12.01
education,ICICI,713,44.4,salaried,4.3,14,,13.5,10.34
education,SBI,612,40.4,salaried,25.4,11,,39.2,12.4
personal,Kotak,742,39.4,salaried,9.2,3,,31.9,15.5
car,ICICI,647,48.0,business,19.1,1,0.86,37.5,13.98
education,Axis,724,48.2,salaried,3.8,15,,20.4,10.63
education,ICICI,537,36.3,salaried,20.0,11,,6.4,12.79
education,ICICI,816,41.0,business,31.7,6,,19.6,10.88
personal,HDFC,638,42.3,salaried,10.0,3,,3.4,16.58
car,Kotak,753,22.6,salaried,16.3,3,0.5,7.5,9.68
personal,SBI,720,5.5,business,7.9,3,,37.3,16.38
education,Kotak,775,34.7,business,9.1,12,,18.6,10.88
education,Kotak,691,42.8,business,25.0,12,,26.6,12.24
car,SBI,661,4.9,business,11.8,6,0.73,58.3,14.03
personal,SBI,811,9.7,salaried,16.2,4,,10.1,14.22
home,ICICI,754,47.4,salaried,11.2,19,0.62,46.7,9.9
home,ICICI,900,31.6,business,160.0,24,0.65,0.6,10.95
education,ICICI,670,29.1,business,25.9,4,,24.9,12.08
personal,SBI,731,41.0,self_employed,18.9,7,,40.5,15.87
home,ICICI,656,14.2,salaried,67.9,5,0.69,18.0,11.24
car,SBI,810,23.9,self_employed,23.2,3,0.76,57.2,12.12
personal,Axis,719,49.1,self_employed,13.4,2,,55.4,17.11
car,HDFC,631,13.8,salaried,24.4,6,0.82,17.3,12.47
education,SBI,829,28.9,salaried,36.7,13,,16.1,9.42
personal,HDFC,711,41.2,salaried,16.7,6,,15.2,14.96
home,ICICI,671,41.5,business,78.1,22,0.89,41.7,13.07
education,Axis,687,24.2,salaried,9.0,2,,49.5,12.07
personal,Kotak,762,48.5,self_employed,5.2,1,,2.7,14.94
home,SBI,535,28.0,self_employed,192.2,7,0.87,8.8,13.03
car,SBI,614,43.6,salaried,17.6,4,0.58,40.1,12.01
home,HDFC,638,7.4,salaried,148.1,30,0.74,43.0,12.98
car,ICICI,686,45.9,salaried,8.2,6,0.74,32.6,11.39
personal,Kotak,813,33.7,salaried,21.0,5,,50.5,16.08
education,Kotak,743,11.0,self_employed,14.7,9,,6.7,10.87
personal,Kotak,666,5.5,self_employed,14.7,6,,4.9,16.79
car,HDFC,638,29.9,salaried,6.7,7,0.83,30.3,13.13
education,ICICI,734,10.2,salaried,8.4,12,,4.7,10.48
car,Axis,616,7.7,salaried,35.2,1,0.68,14.0,12.73
car,HDFC,799,3.2,salaried,28.0,1,0.61,23.0,10.86
personal,SBI,566,22.9,salaried,16.2,1,,16.4,16.9
education,ICICI,645,6.6,salaried,14.5,8,,7.7,11.79
home,ICICI,653,13.9,salaried,140.1,15,0.8,57.5,12.91
education,HDFC,729,36.2,salaried,13.4,10,,36.1,10.67
home,Kotak,599,23.5,salaried,160.1,17,0.88,52.7,12.85
car,SBI,619,28.4,salaried,3.0,2,0.76,54.7,13.69
education,HDFC,581,27.7,salaried,33.6,15,,15.7,12.63
home,HDFC,791,7.5,salaried,53.3,30,0.54,11.9,10.07
personal,HDFC,609,29.4,self_employed,11.7,4,,19.7,17.17
car,SBI,687,34.6,self_employed,27.1,2,0.85,25.0,13.27
education,Kotak,614,20.4,business,3.2,9,,40.8,13.76
car,Kotak,675,26.1,salaried,36.3,5,0.87,51.3,13.87
car,SBI,756,30.4,self_employed,11.5,2,0.65,21.4,10.11
education,Kotak,798,27.8,self_employed,31.6,9,,37.2,11.2
car,SBI,706,38.7,business,6.1,2,0.76,4.8,11.78
personal,ICICI,729,33.5,business,18.6,7,,19.8,16.06
personal,Axis,715,25.1,salaried,2.1,2,,24.6,15.19
education,Axis,885,35.3,self_employed,30.9,6,,11.0,10.26
personal,HDFC,693,5.7,salaried,24.0,2,,28.6,16.47
personal,Axis,776,20.4,self_employed,19.5,4,,46.5,15.46
personal,HDFC,686,27.0,salaried,10.4,1,,23.3,16.03
home,SBI,631,20.1,salaried,11.5,12,0.86,23.3,12.86
home,HDFC,736,44.9,salaried,42.7,19,0.53,42.3,10.66
education,Axis,669,5.1,salaried,29.6,5,,39.5,12.51
home,Axis,673,9.5,self_employed,123.2,29,0.63,28.3,12.01
personal,Axis,785,35.3,self_employed,1.2,2,,51.9,16.48
personal,Axis,624,25.9,salaried,23.7,6,,10.0,16.48
personal,SBI,808,41.1,salaried,23.3,3,,13.6,14.05
education,ICICI,812,18.0,salaried,24.1,2,,51.3,10.99
education,Kotak,614,47.0,salaried,38.7,12,,16.2,12.0
car,HDFC,714,43.3,salaried,33.8,3,0.52,19.1,10.66
personal,Axis,724,20.7,salaried,10.2,7,,18.3,15.16
home,HDFC,762,36.4,business,34.9,5,0.84,6.1,10.69
personal,Axis,750,21.2,self_employed,5.5,5,,37.1,15.36
home,Axis,630,25.2,self_employed,164.7,21,0.59,27.4,13.11
car,Axis,900,39.5,salaried,14.6,3,0.9,24.0,11.71
personal,HDFC,694,21.5,self_employed,22.7,3,,1.7,16.52
car,Axis,690,21.7,business,23.5,4,0.64,3.4,12.39
personal,SBI,750,44.5,business,14.9,6,,13.7,14.88
education,Kotak,803,49.5,self_employed,15.6,4,,2.0,10.3
car,HDFC,619,21.6,self_employed,21.4,4,0.9,10.9,13.75
personal,Axis,674,31.4,self_employed,17.5,5,,6.3,16.58
car,ICICI,659,18.2,salaried,21.5,1,0.77,27.0,11.88
home,SBI,731,19.4,self_employed,84.9,20,0.63,51.2,11.84
home,Kotak,707,27.8,salaried,58.3,13,0.86,51.7,12.85
car,SBI,535,44.7,salaried,19.8,2,0.69,41.8,13.08
car,HDFC,637,2.0,salaried,20.3,2,0.85,26.9,13.85
car,HDFC,810,18.4,salaried,17.4,7,0.88,42.7,11.89
car,HDFC,668,9.3,self_employed,32.1,5,0.62,13.7,11.77
car,ICICI,607,26.5,business,18.4,5,0.82,11.3,13.44
education,SBI,633,45.7,salaried,33.3,14,,8.9,11.65
car,Kotak,734,32.6,salaried,16.5,4,0.77,43.8,11.9
home,HDFC,634,11.3,salaried,119.2,5,0.54,29.7,12.61
personal,Kotak,630,30.4,salaried,19.2,7,,23.3,17.07
home,HDFC,636,18.2,salaried,30.4,24,0.82,41.8,12.91
home,HDFC,631,36.0,salaried,26.1,5,0.8,3.1,12.13
personal,Axis,722,11.6,business,7.3,6,,54.5,17.79
car,Kotak,697,40.3,salaried,7.7,6,0.62,25.9,11.62
education,ICICI,790,17.0,salaried,32.9,4,,29.3,9.97
car,Axis,694,30.8,salaried,11.9,4,0.56,11.2,11.47
education,SBI,852,22.7,salaried,5.5,11,,49.9,10.04
personal,ICICI,555,9.7,salaried,11.2,5,,41.9,18.13
education,ICICI,719,49.3,salaried,4.8,11,,9.6,10.12
education,ICICI,808,38.1,salaried,36.6,10,,53.1,11.29
personal,Kotak,754,24.1,self_employed,19.8,7,,31.1,15.25
car,ICICI,627,21.8,salaried,8.2,6,0.76,6.2,12.4
home,Axis,572,34.8,salaried,147.6,8,0.72,41.8,12.96
education,HDFC,671,41.1,business,25.1,13,,42.1,12.67
car,HDFC,680,36.1,salaried,24.5,5,0.73,53.3,12.74
personal,Axis,749,12.2,salaried,3.5,2,,14.8,14.97
home,Kotak,559,44.9,salaried,23.3,10,0.62,52.4,13.11
education,SBI,809,37.7,salaried,1.9,7,,25.6,9.39
personal,ICICI,668,46.0,self_employed,18.8,1,,38.8,17.08
car,ICICI,761,48.3,self_employed,37.4,3,0.77,1.6,11.23
home,HDFC,757,21.0,self_employed,125.6,15,0.8,6.0,10.81
personal,HDFC,771,8.4,self_employed,16.8,5,,4.6,14.85
car,Axis,684,28.6,salaried,10.8,4,0.86,30.2,12.81
home,HDFC,768,49.1,salaried,187.0,14,0.6,46.4,9.92
personal,ICICI,654,18.8,salaried,6.2,4,,29.6,16.24
home,SBI,680,25.5,salaried,24.7,30,0.63,25.2,10.8
personal,ICICI,697,22.7,salaried,14.2,6,,4.4,15.68
car,Axis,824,30.3,salaried,11.3,5,0.72,27.9,10.19
education,HDFC,857,45.0,self_employed,12.7,11,,19.5,9.98
home,Kotak,744,9.0,salaried,130.2,24,0.63,23.0,11.36
home,SBI,684,37.9,self_employed,63.5,21,0.57,2.5,10.8
personal,HDFC,696,27.2,salaried,17.8,1,,26.1,15.84
personal,HDFC,780,16.2,salaried,14.5,3,,38.5,14.74
personal,Axis,626,47.0,salaried,2.1,5,,21.1,16.67
personal,HDFC,689,26.7,salaried,4.2,4,,43.8,16.51
personal,Kotak,710,15.7,salaried,7.0,2,,42.3,16.1
education,Axis,734,12.8,business,20.9,6,,38.2,12.46
personal,HDFC,666,38.9,salaried,8.7,1,,52.8,17.29
home,ICICI,618,34.8,self_employed,180.5,6,0.69,18.6,13.03
education,Kotak,662,27.0,salaried,33.3,7,,15.5,11.02
car,SBI,546,24.0,salaried,38.9,5,0.85,1.1,13.7
home,HDFC,658,33.0,salaried,127.1,5,0.79,33.9,11.76
personal,Axis,739,32.9,self_employed,12.0,6,,24.3,16.12
home,HDFC,751,20.7,business,32.6,18,0.73,37.7,11.18
education,SBI,769,30.7,salaried,27.9,1,,0.1,9.04
car,Kotak,715,46.6,self_employed,39.1,4,0.61,30.6,11.09
car,Axis,682,38.4,business,6.6,2,0.77,10.5,13.07
education,HDFC,794,47.9,business,12.7,12,,17.9,10.52
home,Kotak,841,12.8,salaried,41.6,11,0.52,53.9,10.97
personal,Axis,663,11.3,salaried,5.9,3,,32.3,16.24
home,SBI,717,37.4,salaried,112.2,19,0.84,46.7,10.99
car,HDFC,851,39.2,salaried,4.6,3,0.76,5.0,10.09
car,Kotak,675,11.8,self_employed,11.8,4,0.83,33.8,12.78
education,ICICI,712,3.8,self_employed,15.7,4,,1.3,11.51
education,ICICI,771,27.9,business,26.9,12,,6.8,10.32
car,ICICI,717,19.9,business,19.9,6,0.58,59.0,13.09
education,SBI,828,22.3,self_employed,34.0,15,,46.3,10.74
education,ICICI,649,29.9,salaried,18.3,11,,50.6,13.75
car,SBI,721,38.9,self_employed,38.6,7,0.88,56.3,13.21
personal,HDFC,736,16.6,self_employed,1.9,1,,39.7,16.37
personal,HDFC,731,33.0,self_employed,9.8,6,,46.5,16.48
education,Axis,900,46.5,self_employed,2.2,7,,3.1,9.97
personal,SBI,646,22.8,self_employed,3.9,7,,48.4,17.38
education,Axis,613,4.8,salaried,22.2,13,,37.3,13.69
home,SBI,695,32.4,salaried,44.8,16,0.78,2.4,10.84
personal,HDFC,681,36.5,business,11.6,2,,23.5,17.25
car,Kotak,687,15.1,salaried,39.5,2,0.7,32.7,12.45
education,SBI,738,19.9,salaried,15.5,2,,36.1,10.83
home,Kotak,655,42.9,business,198.7,20,0.64,18.7,12.53
car,SBI,704,26.7,self_employed,28.6,5,0.87,58.4,13.29
education,Kotak,677,21.8,salaried,3.9,11,,54.7,12.93
personal,Kotak,730,12.5,salaried,2.7,1,,19.1,15.46
car,Axis,829,45.3,salaried,4.8,3,0.61,41.4,10.66
car,ICICI,772,10.7,business,5.3,4,0.66,10.2,10.85
car,Kotak,622,24.5,business,18.8,4,0.66,21.6,13.6
car,Kotak,823,9.3,salaried,25.6,5,0.76,20.1,11.29
car,HDFC,895,29.2,salaried,27.2,4,0.86,58.1,12.65
education,HDFC,846,7.6,self_employed,16.7,8,,43.3,10.53
car,HDFC,606,49.3,self_employed,35.9,1,0.66,11.0,12.75
education,Kotak,597,49.3,business,21.4,13,,7.8,13.49
home,ICICI,692,43.2,self_employed,35.6,29,0.79,59.7,12.94
education,ICICI,671,15.0,salaried,30.9,7,,37.9,12.14
education,HDFC,794,27.7,self_employed,35.5,11,,58.6,11.35
education,Kotak,601,44.7,business,19.1,1,,3.4,13.1
car,Kotak,723,11.2,salaried,28.7,6,0.71,14.8,11.31
home,ICICI,639,44.3,salaried,190.6,25,0.85,36.9,12.86
car,Kotak,526,35.5,salaried,20.6,5,0.51,1.4,12.88
car,Axis,648,27.7,self_employed,8.1,2,0.57,12.2,12.81
car,HDFC,657,3.8,salaried,9.9,2,0.81,7.0,11.99
car,HDFC,744,46.8,self_employed,14.3,6,0.8,57.3,12.74
car,ICICI,730,32.0,salaried,13.0,4,0.65,12.2,10.78
home,Axis,886,45.9,salaried,106.1,24,0.69,16.1,9.56
home,ICICI,551,27.6,salaried,35.5,20,0.53,57.4,13.05
personal,Kotak,597,45.9,salaried,21.5,6,,9.2,17.24
car,HDFC,736,2.9,business,5.3,7,0.58,6.2,11.4
personal,Kotak,691,43.1,self_employed,23.1,6,,33.1,16.58
education,ICICI,786,16.5,salaried,7.2,14,,49.6,10.55
personal,Kotak,757,19.0,self_employed,12.0,7,,12.0,14.77
car,Kotak,820,42.1,business,30.3,4,0.76,44.2,12.27
personal,HDFC,587,8.4,business,10.3,4,,44.4,19.18
home,ICICI,530,32.2,business,138.0,15,0.72,13.5,12.93
education,HDFC,708,15.9,self_employed,33.3,13,,20.6,11.28
home,ICICI,740,23.3,salaried,94.9,20,0.8,13.1,11.0
personal,Axis,743,12.2,self_employed,12.6,2,,53.4,17.13
personal,SBI,603,21.7,salaried,18.0,6,,25.1,16.74
car,HDFC,649,13.1,salaried,24.4,2,0.77,53.5,13.77
car,ICICI,713,35.8,self_employed,16.1,6,0.7,38.7,11.69
car,SBI,660,17.3,business,8.6,2,0.79,2.6,12.48
car,ICICI,701,14.0,self_employed,7.2,7,0.81,36.4,12.07
car,HDFC,728,24.4,self_employed,18.5,7,0.53,52.1,11.98
education,SBI,697,45.0,self_employed,8.3,12,,32.2,11.22
personal,Axis,752,40.8,salaried,11.9,4,,16.6,14.39
home,Axis,734,17.6,business,158.5,5,0.81,21.8,12.98
personal,Axis,780,14.8,self_employed,23.5,6,,13.8,15.11
car,Kotak,545,5.4,salaried,37.9,6,0.83,41.3,14.07
education,ICICI,747,46.1,salaried,21.0,5,,27.1,10.56
education,SBI,635,43.9,salaried,14.0,15,,50.1,13.24
home,HDFC,735,7.0,salaried,83.1,9,0.7,51.8,12.63
home,Kotak,723,37.0,salaried,75.8,6,0.76,51.1,12.51
personal,Kotak,900,42.4,salaried,5.1,3,,46.1,15.47
personal,SBI,581,21.1,business,19.2,3,,34.0,18.02
home,HDFC,834,29.0,salaried,25.8,15,0.8,32.8,9.85
home,SBI,742,49.6,business,60.4,19,0.85,50.9,13.14
car,SBI,610,41.9,salaried,6.1,2,0.54,32.6,11.73
home,Axis,813,47.5,salaried,17.8,8,0.77,54.2,11.16
personal,SBI,746,5.2,business,12.2,7,,21.3,16.15
car,Axis,834,8.7,self_employed,27.8,2,0.68,1.0,10.47
education,Kotak,723,3.4,salaried,25.1,1,,21.9,11.66
education,Kotak,652,18.4,self_employed,4.0,5,,53.0,13.35
education,Axis,669,40.8,salaried,6.3,2,,34.2,11.49
car,ICICI,687,8.6,salaried,37.6,4,0.72,40.2,12.58
car,Kotak,786,44.4,salaried,5.6,4,0.69,33.5,10.29
home,HDFC,564,46.2,salaried,89.4,9,0.86,3.4,12.98
personal,HDFC,895,11.2,salaried,7.6,2,,57.1,15.6
personal,SBI,669,3.3,business,7.6,2,,56.0,18.45
personal,Axis,615,3.7,salaried,2.4,2,,6.8,16.9
car,HDFC,701,34.7,business,12.2,1,0.67,58.1,12.96
home,Kotak,694,38.0,salaried,81.8,23,0.73,47.2,11.74
education,Axis,718,36.3,self_employed,13.7,5,,31.4,10.94
education,SBI,706,2.5,salaried,27.3,7,,9.3,11.32
personal,ICICI,684,13.7,business,7.0,1,,53.5,18.4
personal,Axis,696,12.9,self_employed,4.8,1,,47.7,17.33
car,SBI,706,43.2,salaried,5.2,5,0.82,12.6,10.71
car,Axis,734,21.5,salaried,38.9,2,0.5,2.9,10.34
home,Kotak,766,28.6,salaried,83.9,12,0.54,27.5,9.47
personal,Kotak,810,45.8,business,18.1,7,,11.4,15.69
home,SBI,664,30.0,salaried,70.2,25,0.89,40.2,12.58
home,SBI,699,33.4,self_employed,169.3,20,0.75,17.9,11.7
home,ICICI,571,38.1,salaried,81.3,10,0.75,9.3,13.13
personal,HDFC,577,20.9,salaried,14.0,6,,44.5,18.26
home,SBI,781,35.5,business,141.4,19,0.81,54.0,12.03
personal,ICICI,575,20.3,business,16.7,5,,32.8,18.55
home,HDFC,727,3.0,salaried,54.3,28,0.66,29.1,11.32
home,SBI,702,18.4,salaried,62.6,6,0.76,11.4,10.71
home,HDFC,635,35.9,self_employed,84.8,27,0.56,8.5,12.29
car,HDFC,877,46.1,salaried,17.1,6,0.71,12.8,9.81
personal,Axis,760,49.4,salaried,20.8,1,,51.7,16.1
home,ICICI,737,34.6,salaried,102.6,19,0.76,23.9,10.99
home,ICICI,788,46.3,salaried,145.5,13,0.88,39.3,11.59
education,Kotak,540,8.9,self_employed,22.6,4,,25.6,13.74
education,SBI,779,9.3,salaried,33.9,10,,39.2,10.24
home,HDFC,527,8.0,salaried,19.5,19,0.62,41.5,13.05
car,Axis,671,40.0,salaried,26.2,6,0.78,56.1,13.4
education,Axis,666,31.5,salaried,39.2,7,,4.0,11.49
education,SBI,746,45.1,salaried,19.3,14,,9.5,10.01
education,Kotak,666,16.9,salaried,18.1,2,,12.1,11.39
education,SBI,646,12.9,self_employed,36.9,4,,10.2,12.38
car,Axis,736,45.1,salaried,26.3,1,0.86,47.5,12.85
home,Axis,632,37.3,salaried,113.8,17,0.57,36.4,12.28
personal,SBI,736,46.1,salaried,14.0,5,,11.4,14.58
education,Kotak,670,4.8,self_employed,34.4,1,,14.1,12.54
car,HDFC,601,28.8,salaried,32.1,6,0.62,46.7,12.8
personal,Axis,648,31.2,salaried,1.2,4,,42.5,16.96
home,ICICI,656,14.9,self_employed,197.0,10,0.53,39.4,12.86
personal,ICICI,677,33.4,salaried,13.8,6,,17.2,16.07
home,Axis,765,32.9,self_employed,56.3,6,0.6,10.1,9.75
personal,ICICI,816,24.6,business,8.1,5,,55.2,17.11
personal,Axis,651,14.8,salaried,6.6,4,,11.0,16.29
home,Kotak,857,48.1,self_employed,29.0,23,0.76,47.7,11.38
home,SBI,719,7.3,salaried,64.9,25,0.68,4.5,10.32
education,ICICI,601,8.1,salaried,12.6,2,,44.8,12.66
home,ICICI,803,14.7,business,49.9,28,0.55,38.3,11.18
education,Kotak,767,49.9,self_employed,39.2,12,,32.8,10.86
home,HDFC,793,40.7,salaried,148.9,9,0.69,43.1,10.13
car,Axis,769,7.4,salaried,21.0,5,0.66,1.6,10.21
home,ICICI,679,22.6,self_employed,180.5,22,0.67,32.4,12.86
personal,HDFC,646,3.8,self_employed,19.5,7,,14.4,17.48
car,SBI,581,7.3,salaried,21.1,2,0.68,52.4,13.91
education,HDFC,758,20.8,self_employed,16.7,14,,49.2,10.99
education,ICICI,754,2.2,salaried,8.8,11,,0.2,10.01
education,Kotak,675,45.4,business,7.9,3,,16.2,12.35
home,ICICI,624,28.3,self_employed,12.3,25,0.62,7.2,11.87
car,HDFC,656,30.3,salaried,23.3,5,0.59,2.1,11.17
education,Axis,644,37.4,salaried,16.7,14,,14.0,12.31
home,ICICI,842,20.9,salaried,51.3,30,0.57,21.6,9.56
home,SBI,658,38.0,self_employed,190.3,18,0.79,55.1,13.01
home,Kotak,678,12.6,salaried,26.4,20,0.83,18.8,11.85
home,SBI,602,7.6,self_employed,13.1,26,0.64,53.0,13.09
education,ICICI,675,6.0,self_employed,31.1,10,,13.6,12.55
education,SBI,728,47.2,salaried,21.0,2,,15.2,9.78
car,Axis,650,14.3,salaried,35.5,2,0.68,12.0,12.0
education,Kotak,769,8.3,salaried,5.8,13,,37.1,10.71
home,ICICI,666,4.6,salaried,125.6,8,0.86,43.6,12.97
home,SBI,724,29.6,salaried,25.9,8,0.62,33.6,9.64
personal,Axis,665,8.1,self_employed,20.3,7,,37.9,17.18
car,Kotak,884,18.3,self_employed,14.0,3,0.79,46.4,11.51
home,Kotak,623,45.4,salaried,53.8,23,0.55,18.0,11.89
home,ICICI,606,40.3,business,27.8,8,0.53,48.0,12.79
home,ICICI,707,27.7,salaried,97.3,12,0.67,40.9,11.03
personal,Kotak,660,15.8,business,7.9,6,,12.3,17.29
car,SBI,700,43.0,business,24.8,5,0.79,25.7,11.72
education,SBI,698,32.0,salaried,20.1,13,,7.8,11.02
home,SBI,696,3.4,salaried,74.6,10,0.63,1.6,11.28
education,Kotak,666,16.0,self_employed,17.1,13,,0.9,12.04
education,SBI,610,3.9,business,13.7,10,,8.6,12.39
personal,SBI,787,35.8,business,18.8,3,,16.4,14.85
home,HDFC,760,25.6,salaried,156.7,11,0.57,8.4,9.76
education,SBI,717,22.4,business,8.4,13,,40.1,11.71
car,SBI,817,44.4,salaried,3.2,6,0.7,42.0,10.38
home,Kotak,670,33.6,self_employed,175.3,21,0.88,44.7,12.97
home,Kotak,887,20.9,self_employed,193.3,14,0.54,37.9,11.66
personal,Kotak,759,27.5,self_employed,6.2,7,,28.4,14.95
home,HDFC,690,20.8,salaried,198.1,18,0.66,14.1,11.92
home,Kotak,813,2.4,salaried,134.1,22,0.78,44.7,11.46
personal,HDFC,681,38.0,salaried,14.2,4,,48.6,16.66
education,HDFC,605,37.3,salaried,2.5,15,,55.3,13.06
education,Axis,652,45.2,business,3.0,1,,45.7,12.97
personal,ICICI,695,8.1,salaried,3.9,2,,26.1,16.17
home,ICICI,752,17.6,business,51.2,16,0.89,52.5,12.86
car,ICICI,768,19.4,self_employed,7.6,3,0.6,59.4,11.79
personal,Kotak,727,47.4,self_employed,7.8,7,,52.1,17.41
home,Axis,560,9.3,self_employed,110.3,11,0.76,2.7,12.95
personal,SBI,673,40.3,self_employed,2.1,3,,23.9,15.89
education,Axis,597,13.2,self_employed,33.4,1,,0.8,13.59
education,Axis,842,11.9,self_employed,7.2,7,,55.8,11.97
personal,HDFC,489,32.8,salaried,23.7,6,,57.9,18.61
personal,ICICI,623,39.7,business,17.7,3,,53.2,19.43
car,HDFC,636,20.9,business,5.1,5,0.6,11.9,12.82
education,Axis,795,24.9,salaried,39.5,10,,48.1,10.45
personal,Kotak,746,29.9,salaried,18.0,4,,59.2,16.6
education,ICICI,560,8.8,business,27.7,3,,7.4,13.79
personal,HDFC,845,4.7,self_employed,16.2,3,,35.0,16.0
home,Axis,780,18.2,business,193.9,29,0.6,53.5,12.35
home,Axis,750,35.5,salaried,127.3,21,0.63,31.0,9.43
personal,HDFC,757,39.9,salaried,24.1,4,,43.2,14.86
home,SBI,834,26.0,self_employed,124.8,5,0.58,32.6,9.93
education,SBI,771,20.7,business,16.7,1,,14.2,9.82
home,SBI,790,17.1,salaried,130.3,24,0.76,36.2,11.12
car,Kotak,708,18.6,salaried,24.0,3,0.75,47.4,11.86
education,Kotak,736,16.0,salaried,31.9,5,,41.8,11.24
education,Kotak,641,41.2,self_employed,29.7,12,,13.9,12.83
education,HDFC,800,17.0,salaried,28.4,13,,23.2,9.77
education,Kotak,637,19.7,self_employed,17.2,7,,51.7,14.21
car,SBI,593,4.0,salaried,21.3,7,0.74,53.0,14.11
education,Axis,684,11.5,self_employed,1.3,14,,42.2,12.19
car,SBI,571,44.7,self_employed,31.3,6,0.5,37.3,13.53
car,HDFC,617,5.8,salaried,31.0,5,0.86,26.0,13.9
home,Axis,661,40.1,salaried,166.8,16,0.64,45.0,12.19
personal,SBI,604,2.2,business,8.9,3,,24.8,17.91
home,Kotak,694,27.4,salaried,190.3,22,0.55,27.4,11.71
education,HDFC,573,19.0,self_employed,25.9,6,,15.1,12.92
personal,SBI,738,21.7,salaried,10.3,6,,47.7,15.43
education,ICICI,522,14.8,business,24.0,9,,19.3,13.79
home,HDFC,538,48.4,self_employed,126.2,13,0.8,57.0,13.13
education,HDFC,677,5.1,salaried,22.0,1,,35.8,12.17
car,HDFC,629,33.7,self_employed,28.7,7,0.87,13.2,13.53
car,Axis,670,8.2,salaried,5.5,4,0.84,54.4,13.47
home,SBI,791,13.8,salaried,138.0,9,0.84,10.2,10.7
home,ICICI,761,41.2,business,152.4,11,0.73,17.1,10.83
home,ICICI,680,22.4,salaried,113.1,30,0.64,43.5,11.72
education,HDFC,645,26.2,salaried,9.3,7,,1.9,11.6
personal,SBI,548,7.9,salaried,8.1,7,,22.0,17.15
home,Axis,763,29.5,salaried,23.2,16,0.85,26.4,11.03
car,ICICI,742,13.6,self_employed,19.5,5,0.57,47.2,11.7
car,Axis,625,34.6,self_employed,7.0,3,0.85,5.9,14.2
car,HDFC,795,20.4,salaried,25.7,7,0.66,25.4,9.99
education,Axis,720,4.6,self_employed,20.2,9,,31.4,11.47
car,SBI,717,5.6,self_employed,17.9,3,0.83,37.6,11.99
car,Axis,774,45.6,self_employed,22.4,6,0.9,17.9,11.6
home,SBI,662,49.1,business,148.9,13,0.57,31.5,11.64
education,HDFC,633,24.4,salaried,18.0,7,,2.6,11.69
car,Axis,635,33.3,self_employed,5.0,3,0.89,42.3,14.19
personal,ICICI,745,12.1,salaried,5.5,2,,31.4,15.18
personal,SBI,707,18.1,salaried,5.4,1,,41.8,15.55
personal,Kotak,769,25.2,self_employed,14.8,1,,38.9,16.0
education,ICICI,648,3.1,salaried,38.2,4,,30.9,13.22
home,Axis,739,15.9,salaried,170.6,14,0.75,35.8,12.77
education,Axis,737,47.2,salaried,23.2,8,,56.5,12.14
home,HDFC,782,3.5,self_employed,155.3,22,0.85,38.6,12.3
education,HDFC,723,18.7,self_employed,23.9,1,,42.1,11.72
education,ICICI,748,38.1,self_employed,7.7,7,,55.8,12.48
education,HDFC,732,42.3,salaried,29.4,14,,29.5,10.39
education,Axis,740,33.9,self_employed,27.6,2,,52.4,12.26
personal,SBI,719,37.5,salaried,2.8,6,,22.4,14.94
education,Kotak,744,17.5,self_employed,37.1,3,,15.7,11.25
personal,ICICI,813,38.6,salaried,18.7,5,,48.2,14.99
education,HDFC,819,45.2,salaried,13.5,6,,51.6,11.16
personal,Kotak,711,26.8,salaried,22.7,3,,5.6,15.17
personal,ICICI,717,13.9,salaried,9.9,3,,28.4,15.54
car,Kotak,737,24.9,business,30.7,6,0.68,21.2,12.13
home,Axis,761,19.7,self_employed,49.0,15,0.76,43.5,11.66
car,ICICI,686,17.1,self_employed,17.4,7,0.78,10.7,12.4
home,Kotak,657,48.5,self_employed,144.1,11,0.56,10.1,11.29
personal,HDFC,715,25.5,self_employed,13.9,4,,26.3,15.97
car,HDFC,802,38.3,business,22.2,1,0.5,19.9,10.24
education,ICICI,710,11.8,self_employed,5.7,8,,25.7,10.75
education,HDFC,875,3.4,salaried,23.4,15,,52.3,11.95
car,Axis,743,32.4,self_employed,28.1,6,0.76,19.7,11.7
car,SBI,712,35.9,salaried,39.8,1,0.55,42.5,10.67
home,SBI,661,20.2,salaried,130.3,30,0.62,12.8,11.19
car,Axis,705,31.8,salaried,6.4,2,0.66,40.1,11.83
car,ICICI,780,22.5,self_employed,39.0,6,0.85,58.2,13.29
car,Axis,579,31.7,business,24.6,2,0.64,56.1,14.12
personal,Kotak,535,34.7,salaried,24.2,5,,52.6,18.73
education,Kotak,736,11.6,business,2.6,11,,4.3,11.8
personal,ICICI,622,37.2,self_employed,18.4,2,,30.5,17.56
home,ICICI,661,9.9,salaried,64.0,26,0.52,10.0,11.52
home,HDFC,703,37.0,salaried,16.8,6,0.88,8.1,11.52
car,SBI,800,44.1,business,29.4,4,0.89,28.3,11.85
car,ICICI,757,23.5,salaried,11.3,2,0.77,32.0,10.66
education,ICICI,900,3.9,business,33.2,15,,54.2,12.98
home,HDFC,664,32.0,salaried,164.1,22,0.62,16.9,11.18
personal,Kotak,900,6.5,salaried,10.1,4,,39.1,15.42
education,Axis,815,30.4,salaried,14.6,7,,53.6,11.66
car,HDFC,713,46.6,salaried,32.5,1,0.89,30.7,12.11
car,Axis,676,33.5,self_employed,31.0,4,0.63,6.5,11.86
personal,Axis,715,42.1,self_employed,8.3,4,,50.9,17.06
home,HDFC,750,32.8,salaried,82.3,26,0.59,43.1,9.79
car,Kotak,704,8.6,self_employed,24.2,6,0.58,1.9,11.39
home,Kotak,712,5.7,salaried,52.6,21,0.67,1.4,11.59
personal,Axis,667,28.6,salaried,15.8,1,,50.2,17.68
education,Kotak,549,23.0,self_employed,3.6,10,,6.2,13.58
home,Axis,647,27.4,self_employed,192.5,7,0.88,25.4,13.08
home,HDFC,874,26.0,self_employed,129.9,21,0.52,8.2,9.83
education,Axis,656,3.7,self_employed,4.5,10,,44.8,12.52
car,HDFC,610,6.0,business,13.8,7,0.5,7.2,13.32
personal,Axis,900,9.1,self_employed,8.8,4,,33.8,15.35
personal,SBI,712,4.4,salaried,8.0,5,,43.3,15.66
car,Axis,735,37.2,self_employed,11.7,6,0.51,57.2,12.58
education,ICICI,648,41.9,self_employed,25.0,15,,10.8,12.25
personal,Axis,708,9.3,salaried,5.1,6,,58.3,16.94
car,ICICI,691,21.2,salaried,27.6,2,0.67,18.8,11.6
education,HDFC,613,2.1,salaried,37.4,11,,24.6,13.36
personal,ICICI,747,18.9,salaried,12.0,2,,7.1,15.01
home,HDFC,658,28.3,salaried,129.8,26,0.71,30.9,11.44
education,HDFC,621,2.8,salaried,30.3,7,,22.9,12.75
education,HDFC,629,11.3,salaried,33.8,8,,58.3,13.2
car,ICICI,683,40.9,self_employed,34.6,1,0.8,46.2,13.33
car,Axis,545,12.8,self_employed,21.7,2,0.6,41.9,13.98
personal,HDFC,627,18.1,salaried,13.2,3,,11.9,16.32
home,ICICI,652,38.1,self_employed,83.5,27,0.82,38.3,12.78
home,Axis,729,42.5,business,121.4,6,0.6,24.5,11.33
car,Kotak,667,7.3,self_employed,12.9,4,0.63,30.1,12.28
car,HDFC,683,11.6,self_employed,23.7,5,0.85,49.1,13.84
personal,SBI,643,6.3,salaried,20.9,6,,3.1,16.67
home,ICICI,822,47.1,business,133.7,6,0.7,43.5,11.33
education,ICICI,629,39.0,self_employed,34.8,7,,33.0,12.54
education,ICICI,755,10.2,salaried,36.3,12,,15.8,10.2
personal,SBI,821,12.3,salaried,17.5,5,,39.5,14.81
personal,ICICI,720,36.6,self_employed,16.7,3,,16.1,15.55
home,Kotak,741,29.1,salaried,52.9,25,0.58,47.7,11.2
home,Kotak,605,11.8,business,71.7,30,0.55,50.1,13.06
personal,Kotak,678,8.7,salaried,7.4,6,,35.7,16.52
personal,SBI,655,36.6,salaried,9.0,3,,51.9,17.28
education,ICICI,696,32.7,salaried,7.3,6,,35.7,12.2
home,ICICI,689,5.1,self_employed,37.4,29,0.54,28.3,12.56
personal,ICICI,704,21.0,salaried,13.8,6,,38.7,15.77
education,HDFC,627,26.2,business,6.3,13,,59.4,14.23
car,HDFC,761,38.0,salaried,30.6,3,0.87,32.1,11.3
home,Axis,671,8.7,salaried,107.4,26,0.67,4.4,11.63
education,SBI,716,47.0,salaried,8.6,5,,3.9,10.07
education,ICICI,649,24.3,salaried,24.8,11,,57.7,13.31
home,Kotak,756,27.0,salaried,35.8,7,0.62,35.4,9.92
home,ICICI,635,43.7,business,67.3,8,0.67,48.5,13.05
home,Axis,728,32.5,salaried,108.7,17,0.6,16.4,10.58
home,SBI,704,35.3,self_employed,42.8,13,0.54,54.1,11.78
personal,Kotak,584,23.2,salaried,2.5,1,,28.7,18.01
home,HDFC,669,28.6,salaried,147.2,6,0.88,54.4,13.04
personal,ICICI,813,21.5,salaried,12.8,7,,51.0,16.3
personal,Kotak,725,49.7,salaried,11.9,2,,37.2,15.94
personal,SBI,816,27.4,salaried,10.2,5,,55.3,15.24
home,Kotak,709,32.8,salaried,127.2,9,0.88,32.6,11.85
education,Axis,753,46.5,business,39.6,1,,36.6,11.29
home,Axis,722,48.5,salaried,118.2,30,0.65,6.3,10.54
home,Kotak,761,19.4,salaried,131.9,17,0.6,51.5,12.0
personal,SBI,692,42.2,self_employed,19.6,7,,10.2,16.12
personal,HDFC,765,23.8,self_employed,24.7,3,,26.7,14.64
education,ICICI,813,19.7,self_employed,17.5,14,,13.3,10.13
home,Kotak,467,33.0,self_employed,115.6,24,0.68,10.1,12.86
personal,SBI,540,2.8,self_employed,5.2,4,,51.4,18.61
personal,ICICI,637,8.9,salaried,2.1,4,,43.2,17.18
car,ICICI,731,42.1,salaried,10.1,2,0.9,4.4,11.69
home,HDFC,678,43.4,salaried,112.2,21,0.71,30.9,11.32
personal,HDFC,649,29.4,self_employed,14.6,6,,52.2,18.36
car,Kotak,566,18.9,business,35.7,7,0.89,9.4,13.98
personal,Axis,715,29.3,salaried,25.0,6,,47.8,16.06
car,Axis,673,47.2,salaried,15.7,3,0.79,0.9,12.07
home,HDFC,750,27.7,salaried,64.9,8,0.62,46.4,10.27
education,HDFC,726,22.9,salaried,6.1,13,,55.9,11.51
education,SBI,666,30.8,salaried,8.0,15,,24.1,11.14
education,Axis,798,35.4,self_employed,8.5,11,,21.3,10.23
car,Axis,725,49.6,self_employed,34.7,6,0.67,7.1,10.93
personal,Kotak,734,41.0,salaried,9.4,2,,34.0,15.61
education,Axis,797,36.0,self_employed,33.3,3,,36.9,10.75
personal,SBI,730,34.0,self_employed,9.4,3,,1.1,14.88
home,Axis,594,15.3,salaried,180.7,11,0.58,58.3,13.07
car,SBI,762,14.2,salaried,23.5,3,0.88,16.0,10.6
home,SBI,753,15.7,salaried,60.8,16,0.86,48.8,11.44
car,Kotak,696,33.3,salaried,33.2,1,0.83,14.1,12.11
home,ICICI,689,20.1,self_employed,151.2,12,0.51,55.2,13.05
education,SBI,754,43.3,salaried,1.4,2,,59.8,11.06
education,ICICI,593,42.4,salaried,30.1,4,,28.1,12.95
personal,Axis,602,25.9,salaried,3.2,2,,56.6,18.01
car,ICICI,681,26.7,salaried,18.0,5,0.66,28.6,11.36
education,ICICI,636,25.6,self_employed,17.4,8,,45.7,13.24
car,SBI,662,45.9,salaried,31.7,7,0.81,21.3,11.77
education,HDFC,645,43.9,salaried,21.1,10,,35.3,12.6
personal,ICICI,616,45.7,salaried,23.9,1,,27.8,16.54
car,Kotak,655,40.8,self_employed,13.0,3,0.55,4.3,11.89
personal,SBI,604,33.1,salaried,2.5,1,,51.2,17.79
home,Kotak,749,24.4,self_employed,193.2,9,0.54,41.6,12.22
car,Axis,636,29.5,salaried,18.8,2,0.89,36.1,13.83
education,Axis,637,47.0,business,4.0,7,,1.9,12.93
education,Axis,444,5.7,salaried,11.2,12,,25.8,12.65
car,ICICI,708,27.9,self_employed,10.3,1,0.57,26.3,11.31
education,HDFC,633,37.5,salaried,19.7,11,,0.3,11.7
personal,ICICI,564,35.8,salaried,18.8,5,,37.3,18.43
education,Kotak,738,21.3,self_employed,19.4,9,,56.0,12.56
home,Kotak,676,25.7,salaried,129.6,7,0.71,1.4,11.3
personal,HDFC,747,16.6,business,3.3,3,,42.9,16.99
car,ICICI,722,34.4,business,26.1,4,0.75,42.0,12.87
education,Axis,849,37.4,business,26.8,1,,47.7,11.33
car,Kotak,771,8.7,self_employed,4.1,6,0.86,34.4,12.08
education,Axis,685,21.8,self_employed,18.3,11,,14.7,11.61
home,Axis,748,33.2,self_employed,181.2,26,0.88,52.1,12.89
car,HDFC,513,15.6,salaried,21.5,1,0.86,49.5,13.97
car,SBI,631,48.6,salaried,24.2,4,0.64,32.8,11.74
personal,Kotak,711,8.6,business,2.0,4,,48.6,16.87
education,SBI,701,6.1,salaried,2.8,14,,14.9,9.63
home,ICICI,719,48.7,self_employed,155.0,22,0.89,24.4,12.43
car,HDFC,728,39.8,self_employed,30.1,6,0.7,22.0,11.53
home,Axis,638,42.0,business,104.3,17,0.65,43.3,12.97
home,ICICI,770,16.7,salaried,47.2,25,0.67,42.8,10.1
home,Kotak,795,41.0,self_employed,158.8,22,0.76,57.8,12.67
personal,Axis,843,29.3,self_employed,11.3,2,,16.6,14.81
home,ICICI,650,5.2,salaried,153.6,11,0.55,27.9,11.66
personal,ICICI,760,34.2,self_employed,11.8,4,,6.7,14.95
home,Kotak,740,19.4,salaried,46.9,21,0.81,17.0,10.81
home,HDFC,611,31.5,self_employed,19.9,25,0.78,22.1,12.97
personal,Axis,695,37.2,business,19.6,7,,21.0,16.9
education,Axis,645,36.4,self_employed,12.7,1,,52.9,13.83
car,Kotak,777,6.7,salaried,23.7,3,0.58,26.8,10.45
car,SBI,775,43.4,self_employed,20.7,1,0.79,33.6,10.93
education,SBI,573,28.9,salaried,5.9,2,,5.4,12.32
personal,Kotak,643,4.9,salaried,14.1,3,,20.8,17.09
car,HDFC,668,24.8,business,34.7,3,0.66,49.2,13.02
car,Axis,613,18.5,salaried,21.9,6,0.53,40.1,12.42
education,ICICI,711,18.9,self_employed,10.5,15,,39.3,11.79
home,Kotak,628,43.2,salaried,98.9,12,0.67,45.9,12.6
home,SBI,783,18.3,self_employed,58.7,17,0.6,15.4,9.32
home,Axis,787,19.7,salaried,114.3,10,0.67,23.3,10.35
education,HDFC,877,24.5,salaried,32.6,11,,55.8,10.86
personal,Kotak,743,39.1,self_employed,23.2,6,,41.2,16.61
personal,Kotak,585,7.0,salaried,8.7,5,,6.8,17.83
car,HDFC,709,32.5,salaried,8.0,4,0.58,59.3,11.88
home,SBI,659,12.5,self_employed,192.7,14,0.73,0.6,11.84
education,Kotak,541,46.2,salaried,21.9,12,,2.4,12.65
car,Axis,543,33.4,self_employed,9.1,1,0.74,3.3,13.29
car,Kotak,794,25.5,self_employed,38.8,4,0.82,26.6,11.3
personal,Kotak,634,30.7,self_employed,17.5,7,,54.3,19.06
personal,HDFC,628,40.2,salaried,4.9,4,,45.9,17.52
car,SBI,819,22.4,self_employed,8.7,6,0.77,54.9,11.87
car,ICICI,753,3.5,salaried,4.0,4,0.77,3.7,10.59
education,ICICI,667,26.0,salaried,6.0,12,,22.8,11.89
car,Kotak,643,38.4,salaried,37.4,5,0.67,26.0,12.75
car,SBI,753,29.6,self_employed,17.7,3,0.9,39.5,12.03
home,HDFC,642,7.4,self_employed,139.2,17,0.56,30.5,12.96
home,HDFC,616,37.2,business,87.0,13,0.59,24.3,13.15
home,Kotak,700,40.4,self_employed,102.8,8,0.83,22.5,11.77
home,Axis,753,24.1,salaried,123.0,5,0.63,54.1,11.08
home,SBI,675,12.6,salaried,96.6,7,0.87,11.7,12.97
car,ICICI,769,48.2,salaried,21.4,4,0.78,16.3,10.74
home,Kotak,439,19.4,salaried,198.9,8,0.61,57.4,13.21
education,Kotak,768,26.3,self_employed,32.8,7,,45.0,11.28
education,HDFC,664,8.6,salaried,29.3,6,,16.7,11.16
car,SBI,774,42.7,self_employed,13.9,4,0.83,45.7,11.19
education,ICICI,695,49.7,salaried,12.7,13,,47.6,11.97
education,SBI,642,8.9,salaried,13.9,2,,6.1,11.68
car,Kotak,822,38.0,salaried,27.8,5,0.66,46.5,11.05
education,Axis,597,31.2,business,25.3,14,,29.1,13.89
education,ICICI,663,19.5,self_employed,4.9,11,,18.2,11.83
home,HDFC,767,26.9,salaried,134.9,30,0.84,48.2,11.08
home,HDFC,568,26.4,self_employed,37.0,5,0.84,12.4,12.99
car,Kotak,859,3.3,salaried,18.0,3,0.88,11.5,11.96
education,HDFC,708,31.3,salaried,39.9,3,,46.6,11.11
personal,HDFC,599,38.6,salaried,3.9,7,,56.8,18.95
personal,Kotak,762,6.4,salaried,3.7,3,,59.4,15.93
car,SBI,733,18.3,self_employed,3.1,7,0.6,44.6,11.22
home,Axis,690,18.5,self_employed,165.2,13,0.53,50.1,12.95
home,ICICI,665,18.9,salaried,74.0,12,0.82,58.9,12.96
car,HDFC,701,42.7,salaried,34.9,2,0.68,43.5,11.0
home,ICICI,798,24.5,salaried,153.4,24,0.77,59.7,12.18
car,ICICI,670,7.8,salaried,5.2,2,0.62,8.0,11.51
home,Axis,749,33.7,salaried,13.3,20,0.51,18.9,9.65
home,Kotak,653,40.1,salaried,160.1,20,0.73,18.7,11.34
education,ICICI,740,24.7,self_employed,8.5,9,,1.7,10.72
home,ICICI,858,39.3,salaried,149.9,25,0.54,28.2,9.29
home,HDFC,630,33.0,salaried,20.4,30,0.67,15.2,11.6
car,ICICI,734,14.1,salaried,5.6,3,0.67,25.4,10.71
personal,Axis,451,10.4,business,16.9,6,,42.3,19.43
car,HDFC,707,15.3,self_employed,35.6,4,0.77,15.5,11.98
education,HDFC,713,33.1,salaried,34.9,3,,33.6,10.84
education,Axis,771,13.7,salaried,24.2,11,,2.0,9.95
education,HDFC,659,21.4,business,38.7,9,,44.7,12.57
car,Axis,689,3.1,self_employed,15.8,1,0.81,29.3,13.0
personal,ICICI,798,12.6,self_employed,15.3,7,,37.8,15.67
home,HDFC,677,21.7,salaried,22.2,10,0.7,32.5,10.83
education,Axis,753,34.2,salaried,20.2,2,,55.3,11.24
personal,HDFC,742,26.6,salaried,7.0,2,,39.3,15.61
car,Kotak,625,22.9,salaried,6.2,3,0.68,4.1,12.43
home,Kotak,696,3.4,salaried,127.2,9,0.5,31.2,12.16
home,ICICI,718,42.6,self_employed,182.7,7,0.77,5.7,11.63
education,Axis,743,32.9,business,7.3,2,,58.3,12.61
personal,Kotak,735,22.6,self_employed,20.5,2,,52.9,17.18
education,ICICI,639,12.9,self_employed,16.9,14,,12.7,12.53
education,SBI,764,35.8,salaried,15.0,15,,15.4,9.39
education,HDFC,527,17.4,salaried,10.6,4,,39.1,13.5
home,Kotak,631,3.1,salaried,185.3,20,0.84,3.6,13.0
education,Kotak,662,11.8,salaried,3.5,1,,51.5,12.72
education,Axis,765,20.1,self_employed,4.0,5,,59.1,11.53
car,Kotak,715,46.9,salaried,15.8,4,0.51,30.5,10.9
personal,Axis,694,38.0,self_employed,16.5,5,,24.0,16.89
home,Kotak,619,26.5,business,106.0,9,0.89,56.8,12.95
personal,Kotak,715,34.3,salaried,2.7,2,,13.5,15.04
home,Kotak,623,10.0,salaried,94.7,19,0.54,54.6,12.98
car,HDFC,826,12.3,salaried,33.7,2,0.87,31.8,11.63
home,Axis,693,16.8,salaried,64.3,16,0.76,36.5,12.23
education,Axis,726,18.4,business,18.9,4,,58.3,12.79
home,Axis,796,28.2,salaried,70.3,30,0.61,10.8,9.45
home,Axis,755,23.4,salaried,196.8,14,0.62,43.5,11.21
home,Kotak,900,30.8,business,61.0,17,0.85,58.2,13.2
personal,Axis,651,44.7,salaried,5.2,7,,42.7,16.5
home,SBI,668,31.5,self_employed,19.9,17,0.59,38.5,11.51
personal,SBI,747,3.0,salaried,10.2,1,,57.0,16.29
education,HDFC,771,36.4,self_employed,18.9,4,,3.2,10.04
education,ICICI,587,31.2,business,30.4,11,,48.7,14.28
home,SBI,562,34.8,self_employed,196.1,15,0.63,32.5,12.83
car,Axis,820,47.8,salaried,39.5,7,0.72,43.1,10.43
education,Kotak,711,18.1,salaried,13.9,6,,37.6,11.23
car,SBI,632,26.1,business,21.3,2,0.74,45.3,13.58
education,HDFC,675,42.2,business,29.7,12,,41.0,12.56
home,ICICI,710,40.4,self_employed,87.4,5,0.56,43.0,11.41
car,SBI,709,34.8,salaried,23.5,5,0.57,8.7,10.21
education,SBI,760,38.9,salaried,20.3,12,,17.2,9.21
education,Kotak,559,15.7,salaried,35.4,11,,36.0,13.8
education,SBI,596,44.0,self_employed,29.6,13,,58.8,14.23
car,ICICI,699,29.9,business,15.2,1,0.78,24.0,12.98
home,SBI,697,37.0,salaried,195.7,18,0.65,58.4,12.17
education,HDFC,699,48.3,business,16.4,7,,5.1,12.1
personal,HDFC,693,5.0,business,7.6,4,,54.1,18.14
car,Kotak,684,30.8,salaried,3.3,6,0.88,24.5,12.74
education,Axis,734,46.0,salaried,33.6,1,,23.9,10.76
education,SBI,651,4.8,business,34.2,5,,52.6,14.0
education,Axis,655,9.3,salaried,6.6,1,,43.3,12.14
education,HDFC,567,37.2,self_employed,24.0,14,,49.9,13.52
home,SBI,707,17.4,salaried,70.8,8,0.86,47.3,12.05
home,SBI,753,18.8,self_employed,80.7,11,0.59,39.0,10.42
personal,SBI,711,27.2,salaried,21.8,4,,34.1,14.72
car,Kotak,699,27.4,salaried,7.8,4,0.55,29.6,11.58
personal,SBI,816,47.0,salaried,3.1,7,,35.9,14.42
education,HDFC,692,12.5,salaried,14.6,12,,34.9,11.06
education,Axis,759,27.0,salaried,8.5,11,,21.4,10.12
home,SBI,807,29.5,salaried,195.8,17,0.6,5.5,9.54
home,HDFC,783,15.5,self_employed,178.2,17,0.61,20.9,10.86
personal,HDFC,695,28.1,salaried,20.2,2,,2.7,15.58
car,ICICI,726,49.8,salaried,11.6,2,0.56,35.3,10.84
education,ICICI,840,45.8,self_employed,23.2,2,,14.5,10.19
home,HDFC,620,22.9,salaried,130.0,19,0.87,52.3,13.05
personal,HDFC,564,50.0,self_employed,15.2,7,,0.4,17.86
personal,ICICI,689,3.2,salaried,6.3,3,,21.7,16.35
education,Axis,733,28.5,self_employed,31.8,4,,20.6,11.4
education,ICICI,624,23.4,salaried,22.9,3,,11.6,12.18
personal,HDFC,776,38.2,self_employed,15.3,6,,44.3,15.69
education,Kotak,690,31.6,salaried,35.7,5,,28.8,11.46
car,Axis,673,36.5,salaried,13.7,6,0.81,11.6,12.03
home,HDFC,759,25.5,salaried,152.7,29,0.86,20.0,10.97
education,Axis,796,14.1,salaried,36.0,5,,4.3,9.76
personal,SBI,774,11.8,salaried,2.4,5,,39.8,14.86
personal,SBI,821,30.7,business,2.3,5,,34.2,15.42
home,SBI,687,12.7,salaried,41.0,5,0.71,17.1,11.01
car,Axis,744,34.9,salaried,27.1,7,0.75,59.9,12.57
education,Kotak,591,49.1,salaried,35.0,8,,14.7,12.95
personal,HDFC,721,7.4,salaried,21.0,2,,8.8,15.14
car,ICICI,574,14.4,business,4.5,2,0.85,28.2,14.13
home,Kotak,811,32.2,salaried,100.5,16,0.73,0.2,9.52
home,HDFC,666,17.9,self_employed,10.6,10,0.71,1.1,11.45
education,SBI,686,45.6,self_employed,2.2,12,,24.6,11.9
car,Axis,827,11.8,salaried,26.9,5,0.76,16.0,10.41
education,ICICI,738,20.8,salaried,8.1,7,,49.8,11.41
personal,Axis,689,21.3,salaried,3.5,7,,27.4,16.2
home,Kotak,610,21.7,salaried,174.2,25,0.78,7.6,13.12
home,Axis,638,13.4,self_employed,119.3,20,0.7,31.7,13.05
personal,SBI,556,27.8,salaried,11.9,4,,6.8,16.63
education,SBI,648,30.1,salaried,23.8,1,,12.7,11.49
car,Kotak,802,16.2,salaried,16.0,7,0.65,23.7,9.94
personal,HDFC,714,20.7,salaried,13.4,5,,54.3,16.75
personal,ICICI,564,5.5,self_employed,22.4,7,,46.5,19.13
education,SBI,836,37.8,salaried,12.5,3,,51.7,10.78
education,Axis,900,13.9,salaried,31.1,12,,50.2,11.43
personal,Axis,717,23.0,business,7.0,3,,7.6,16.37
home,Kotak,750,26.5,salaried,98.8,24,0.76,56.2,11.6
education,Kotak,735,40.5,salaried,37.8,14,,9.6,10.63
car,ICICI,817,43.2,salaried,28.9,5,0.74,26.2,10.46
personal,Kotak,559,40.2,salaried,1.2,2,,36.1,18.38
home,Axis,768,45.8,self_employed,156.0,12,0.64,32.7,10.27
education,HDFC,681,22.8,self_employed,11.2,8,,8.3,11.35
home,Kotak,638,31.0,salaried,110.6,21,0.62,16.2,12.1
car,Kotak,682,26.2,self_employed,13.1,3,0.59,6.4,11.56
personal,Axis,553,35.9,salaried,21.9,6,,31.8,17.39
car,SBI,608,43.8,salaried,36.4,4,0.75,23.2,12.17
home,ICICI,775,21.3,salaried,165.9,9,0.8,14.3,11.06
home,ICICI,646,27.1,business,118.8,24,0.9,20.1,13.03
education,Axis,616,38.9,salaried,6.3,7,,57.2,13.59
personal,HDFC,682,26.1,salaried,13.5,2,,4.8,15.57
education,Kotak,565,8.4,business,36.9,14,,19.3,14.53
car,Kotak,675,23.2,self_employed,35.9,4,0.8,17.7,12.69
personal,SBI,691,18.4,self_employed,17.4,5,,45.6,16.56
car,SBI,658,10.3,business,30.0,4,0.84,12.8,12.33
personal,ICICI,808,38.3,self_employed,6.4,2,,2.0,14.82
car,Kotak,721,48.7,salaried,25.2,3,0.88,41.0,13.12
personal,HDFC,699,3.3,salaried,4.6,3,,6.4,15.82
education,HDFC,728,36.2,self_employed,9.4,14,,30.2,10.68
personal,Kotak,701,42.8,business,8.2,7,,53.4,17.59
car,Kotak,745,45.0,self_employed,36.5,5,0.87,40.1,13.37
car,HDFC,800,29.4,salaried,7.0,3,0.67,9.2,9.64
car,Kotak,753,15.7,self_employed,25.2,5,0.6,47.8,10.69
education,HDFC,700,26.0,salaried,28.6,10,,56.9,11.42
education,ICICI,746,11.3,salaried,36.3,3,,38.2,11.41
personal,Axis,654,46.8,salaried,20.9,3,,43.9,17.19
education,Kotak,699,21.7,salaried,36.4,8,,33.3,11.68
personal,Kotak,746,47.7,salaried,20.9,1,,49.9,15.95
personal,SBI,642,39.2,salaried,8.7,4,,60.0,17.9
home,Axis,717,12.4,self_employed,32.1,23,0.85,4.7,11.86
personal,ICICI,637,24.0,self_employed,15.7,2,,42.8,18.09
home,ICICI,746,28.6,self_employed,85.3,29,0.68,50.8,12.45
car,Kotak,672,8.3,salaried,35.2,6,0.59,54.3,13.22
home,Axis,676,43.2,salaried,68.7,14,0.59,42.5,11.26
car,SBI,576,21.8,salaried,34.7,2,0.6,59.1,13.98
car,ICICI,774,34.2,salaried,25.1,7,0.74,5.4,9.71
car,HDFC,805,23.1,self_employed,32.0,3,0.55,0.1,10.18
home,Axis,720,37.4,salaried,72.2,27,0.84,22.3,10.84
education,ICICI,752,20.4,business,6.9,10,,56.3,12.34
education,Kotak,574,40.8,salaried,16.1,9,,18.3,12.65
education,Axis,592,43.4,business,20.9,5,,30.5,14.23
home,SBI,771,30.2,business,72.6,23,0.69,19.7,10.22
education,Kotak,644,14.7,business,14.1,8,,36.4,13.87
personal,Kotak,748,37.5,salaried,19.0,1,,15.4,15.32
personal,Axis,706,45.8,self_employed,8.8,5,,54.8,17.3
car,Axis,701,49.4,salaried,33.2,4,0.74,43.0,11.33
home,Axis,660,14.1,salaried,63.0,7,0.64,0.2,11.46
car,SBI,701,20.3,business,36.3,3,0.58,31.2,11.41
home,SBI,750,38.7,self_employed,78.0,15,0.5,20.4,9.82
education,SBI,643,43.9,business,23.2,9,,10.7,12.28
car,ICICI,587,14.7,business,35.3,7,0.83,25.4,14.05
home,ICICI,664,42.8,business,188.1,30,0.7,0.2,12.36
home,ICICI,676,22.7,salaried,115.8,27,0.77,3.7,12.02
home,HDFC,638,4.0,business,60.4,11,0.87,34.5,12.97
personal,ICICI,620,22.0,salaried,21.1,5,,29.2,17.04
home,SBI,649,28.8,business,31.5,13,0.78,25.0,12.89
education,Kotak,795,8.6,self_employed,15.1,14,,53.5,11.64
education,HDFC,762,27.7,self_employed,21.1,13,,51.2,11.49
car,SBI,595,20.6,salaried,24.1,4,0.62,50.0,13.67
education,Kotak,750,40.4,salaried,9.3,1,,5.5,9.52
car,HDFC,806,32.0,business,26.0,1,0.68,19.3,11.09
home,SBI,782,45.4,salaried,135.3,9,0.52,36.3,9.85
education,SBI,735,29.9,self_employed,33.9,7,,12.0,10.5
personal,HDFC,677,13.2,salaried,3.4,4,,45.1,16.58
personal,Axis,665,33.8,self_employed,11.9,6,,17.4,16.44
education,SBI,483,36.2,salaried,26.2,10,,52.8,13.55
home,Kotak,546,43.9,salaried,152.4,29,0.63,54.7,12.97
car,ICICI,660,38.7,salaried,33.3,3,0.77,54.8,13.46
education,HDFC,622,36.1,salaried,8.0,5,,39.8,12.11
education,HDFC,673,27.4,self_employed,15.3,8,,35.4,12.48
car,ICICI,635,4.2,salaried,23.8,5,0.6,11.2,12.81
personal,HDFC,814,31.3,salaried,14.8,3,,17.6,14.32
education,Axis,711,27.4,self_employed,21.3,13,,36.6,11.81
home,SBI,632,26.6,salaried,154.9,14,0.81,4.2,12.4
personal,HDFC,735,24.5,self_employed,17.4,1,,29.7,15.98
education,SBI,825,2.8,salaried,6.7,6,,38.7,10.09
home,HDFC,678,29.5,self_employed,71.1,30,0.67,28.3,11.8
car,HDFC,628,3.4,self_employed,37.4,7,0.87,20.7,14.16
personal,Kotak,830,15.9,salaried,7.3,1,,21.1,15.02
education,Kotak,663,7.7,salaried,8.5,6,,4.9,11.01
car,ICICI,801,38.8,salaried,32.1,3,0.82,8.3,10.36
personal,SBI,722,12.4,salaried,8.4,3,,31.7,15.46
personal,SBI,657,41.1,salaried,16.5,4,,17.2,15.73
education,SBI,680,3.9,salaried,11.6,2,,28.3,11.25
car,ICICI,790,32.3,self_employed,9.1,4,0.63,56.8,11.88
education,Axis,583,33.8,self_employed,39.3,3,,9.3,13.03
car,HDFC,618,22.9,salaried,38.7,7,0.71,54.0,13.56
personal,Kotak,626,37.7,salaried,3.6,5,,30.9,16.75
education,Kotak,635,49.3,salaried,20.6,13,,33.3,12.24
car,Axis,735,16.0,self_employed,14.9,6,0.85,35.9,13.12
car,ICICI,669,24.6,self_employed,36.1,3,0.72,54.4,13.08
home,Axis,669,15.4,salaried,66.0,28,0.53,28.2,11.59
car,HDFC,624,9.0,salaried,6.8,6,0.66,59.0,13.35
personal,SBI,718,16.3,salaried,22.7,7,,10.1,14.8
personal,Kotak,821,12.5,salaried,21.9,5,,15.9,14.35
education,ICICI,815,30.9,self_employed,21.5,6,,0.2,9.92
personal,Kotak,525,39.9,salaried,3.4,1,,33.5,17.48
education,HDFC,547,24.5,self_employed,9.2,10,,0.9,12.75
home,ICICI,766,39.9,self_employed,64.6,28,0.9,52.9,12.66
car,ICICI,665,18.1,self_employed,15.7,6,0.71,39.2,12.34
personal,SBI,762,45.5,self_employed,4.3,2,,32.0,14.61
car,Axis,683,26.7,self_employed,20.2,1,0.87,20.1,13.68
education,Axis,645,24.8,self_employed,35.6,3,,52.3,13.99
car,Kotak,712,2.7,self_employed,15.0,2,0.65,18.0,11.84
education,SBI,783,5.3,salaried,15.4,5,,0.9,9.71
car,Axis,706,41.3,salaried,35.8,6,0.88,0.3,11.71
car,SBI,750,22.8,business,7.1,6,0.68,30.5,10.63
home,SBI,789,28.8,self_employed,52.4,10,0.54,27.8,9.69
car,ICICI,636,16.5,salaried,27.7,5,0.87,39.9,13.77
personal,ICICI,706,49.7,salaried,19.5,6,,44.1,15.82
home,Kotak,731,5.4,salaried,26.5,28,0.6,39.5,11.13
personal,SBI,662,48.6,salaried,10.5,1,,55.6,16.88
home,Axis,613,36.7,salaried,117.0,26,0.6,55.2,12.98
education,SBI,714,34.1,self_employed,20.2,14,,38.8,11.39
education,Axis,677,18.6,salaried,24.1,15,,25.7,11.52
car,Axis,784,45.5,salaried,12.5,1,0.83,4.3,10.1
home,ICICI,639,47.3,self_employed,74.8,20,0.52,2.2,12.17
personal,Kotak,577,35.1,salaried,8.4,2,,58.9,19.28
education,SBI,638,49.6,salaried,19.7,8,,52.6,12.73
car,ICICI,651,38.2,business,38.4,6,0.52,55.1,13.56
car,HDFC,562,48.8,business,11.5,1,0.69,16.7,13.87
education,SBI,587,17.2,self_employed,24.9,5,,0.7,13.11
personal,Axis,638,48.8,self_employed,6.7,6,,54.8,18.9
car,SBI,674,3.1,salaried,36.6,7,0.77,40.3,13.1
personal,Axis,758,31.0,salaried,6.0,2,,38.3,15.39
car,HDFC,722,9.8,self_employed,22.8,7,0.79,12.8,11.67
car,SBI,654,31.7,self_employed,8.1,7,0.66,14.1,11.42
car,ICICI,644,15.2,salaried,9.5,3,0.88,0.8,13.21
car,Axis,674,40.7,salaried,7.3,2,0.81,4.8,11.85
personal,SBI,627,39.1,self_employed,24.4,7,,19.9,16.99
education,Axis,715,29.0,self_employed,28.3,8,,13.6,10.75
education,Kotak,579,24.0,salaried,9.4,2,,51.9,14.57
education,HDFC,618,46.7,salaried,12.8,2,,42.2,12.27
home,Axis,618,9.7,salaried,106.6,7,0.89,51.7,12.89
education,Kotak,806,11.1,salaried,35.0,4,,33.8,10.06
car,HDFC,681,24.4,salaried,9.3,3,0.78,43.3,12.21
education,HDFC,772,31.3,self_employed,5.3,9,,12.6,10.34
education,HDFC,749,34.6,salaried,10.8,1,,27.0,10.32
personal,SBI,629,37.5,self_employed,20.2,2,,49.2,17.47
personal,ICICI,732,40.3,salaried,19.7,1,,21.1,15.36
car,Kotak,662,9.8,business,32.2,6,0.73,35.7,13.51
home,SBI,707,49.0,salaried,33.6,15,0.87,52.6,12.26
car,ICICI,689,11.0,salaried,26.5,5,0.64,3.1,11.71
home,HDFC,766,2.5,salaried,11.9,18,0.84,17.7,10.43
personal,Axis,621,18.1,business,15.1,3,,16.5,17.55
personal,ICICI,808,41.3,salaried,20.2,3,,9.0,14.16
education,Kotak,673,39.7,salaried,36.6,11,,36.6,12.13
education,HDFC,740,18.6,salaried,6.3,14,,58.2,11.74
education,Axis,667,3.6,self_employed,28.6,13,,24.3,12.91
education,HDFC,871,34.9,self_employed,1.9,6,,18.4,9.83
car,Kotak,650,45.3,salaried,28.5,6,0.9,50.3,13.8
home,Axis,647,37.4,self_employed,87.2,30,0.58,58.3,12.95
home,HDFC,758,34.2,salaried,199.7,30,0.77,17.7,10.23
car,Axis,708,32.7,salaried,10.8,7,0.61,9.4,10.59
home,Axis,528,42.5,self_employed,10.8,17,0.69,5.2,13.01
home,Kotak,769,3.1,business,131.2,13,0.84,43.4,12.82
education,HDFC,552,48.7,salaried,34.4,12,,53.5,13.8
personal,ICICI,807,38.5,salaried,18.4,5,,1.2,14.73
personal,Kotak,651,25.3,salaried,15.6,2,,9.0,16.38
personal,Kotak,760,44.2,self_employed,12.6,6,,35.8,16.03
car,ICICI,622,24.8,self_employed,5.6,5,0.86,47.6,13.94
car,HDFC,573,20.9,salaried,22.9,3,0.6,7.5,12.63
home,ICICI,638,46.3,salaried,65.9,9,0.81,34.5,12.26
education,SBI,810,22.5,salaried,2.0,9,,54.5,10.96
personal,HDFC,707,10.7,salaried,24.9,4,,5.2,15.32
car,Kotak,735,47.8,self_employed,30.2,2,0.81,43.6,12.67
personal,SBI,722,10.6,self_employed,22.7,7,,11.9,15.69
personal,SBI,440,8.8,salaried,20.2,3,,21.9,17.18
home,ICICI,804,25.1,salaried,47.7,27,0.55,51.8,10.2
personal,Kotak,708,28.2,self_employed,6.0,6,,2.9,15.94
personal,Axis,655,24.3,salaried,20.6,4,,13.5,16.01
personal,Axis,674,26.4,self_employed,19.7,7,,33.6,16.69
personal,HDFC,623,16.4,business,23.7,3,,10.7,17.33
car,SBI,683,2.9,salaried,27.1,3,0.88,23.8,13.48
car,Kotak,607,29.0,self_employed,7.9,6,0.85,13.2,14.05
home,Axis,634,45.0,self_employed,119.8,8,0.86,51.0,13.02
personal,Axis,783,19.2,salaried,10.2,4,,50.3,16.05
home,Axis,787,2.4,salaried,145.0,21,0.82,18.9,10.87
car,HDFC,626,11.3,salaried,34.3,4,0.62,7.0,12.19
personal,ICICI,793,30.4,salaried,11.2,5,,6.3,14.31
education,SBI,585,25.9,salaried,9.5,6,,23.5,12.35
home,Axis,611,31.9,self_employed,120.9,8,0.8,5.2,12.68
home,ICICI,647,18.4,business,40.5,26,0.61,59.2,13.05
education,Axis,710,36.0,salaried,9.5,15,,33.3,10.73
car,SBI,821,4.9,salaried,29.1,6,0.75,28.8,10.6
home,SBI,708,16.3,salaried,186.6,10,0.83,20.6,11.49
car,HDFC,809,2.9,self_employed,8.0,7,0.54,36.1,10.67
education,Axis,693,23.7,self_employed,29.3,2,,23.6,12.01
personal,Kotak,695,23.6,salaried,13.5,3,,43.3,16.59
education,Kotak,645,22.9,self_employed,39.0,3,,59.4,14.11
home,SBI,539,33.6,salaried,53.7,13,0.66,1.6,11.92
home,Kotak,673,32.5,business,150.8,11,0.6,2.9,12.33
car,Kotak,736,5.0,salaried,16.5,7,0.86,46.9,12.83
education,Axis,688,19.1,business,39.4,3,,13.0,12.27
personal,Kotak,760,14.1,salaried,13.9,5,,25.3,14.7
personal,ICICI,704,43.8,salaried,8.0,7,,40.2,15.76
car,SBI,773,31.9,salaried,12.4,5,0.67,27.9,10.16
education,SBI,667,2.5,salaried,9.9,11,,36.4,11.79
education,ICICI,685,2.7,salaried,1.5,14,,47.7,11.99
home,Kotak,720,33.7,salaried,152.3,8,0.77,52.6,12.33
home,ICICI,716,27.3,self_employed,167.2,20,0.67,49.7,12.33
personal,ICICI,680,34.1,self_employed,2.4,4,,2.7,16.23
education,SBI,826,15.4,business,8.1,5,,39.1,10.94
home,SBI,721,26.4,business,32.0,17,0.66,15.6,10.87
education,Axis,633,34.7,salaried,31.8,15,,59.5,13.59
car,Axis,900,3.9,salaried,14.5,1,0.78,51.8,11.98
car,Kotak,799,5.5,salaried,4.5,7,0.5,50.6,11.39
car,HDFC,749,12.1,salaried,9.6,3,0.72,55.8,12.04
car,Kotak,659,26.5,salaried,7.7,1,0.8,26.5,12.08
personal,Kotak,715,16.0,salaried,2.2,6,,10.8,15.55
education,ICICI,756,24.9,salaried,36.9,13,,29.4,9.63
personal,Axis,606,15.2,salaried,17.2,4,,4.8,16.42
home,SBI,690,34.1,salaried,122.8,20,0.57,54.8,12.04
education,Kotak,689,13.5,business,25.6,7,,7.0,12.46
home,Axis,646,8.1,self_employed,45.6,14,0.85,12.0,13.04
car,Axis,698,29.2,self_employed,12.5,5,0.87,54.9,14.08
education,SBI,721,15.3,business,10.4,6,,10.9,11.1
personal,Axis,774,6.2,salaried,19.8,3,,37.8,15.42
car,ICICI,809,49.1,business,29.1,5,0.67,39.3,11.79
home,HDFC,744,15.7,salaried,154.7,10,0.82,17.8,11.26
personal,ICICI,710,34.7,salaried,24.7,6,,59.7,16.86
personal,SBI,710,48.9,salaried,24.4,5,,43.7,15.21
education,Axis,650,24.5,salaried,36.7,12,,43.2,12.0
home,Axis,524,8.1,self_employed,41.9,22,0.61,47.3,12.94
car,ICICI,674,2.2,salaried,35.2,4,0.65,5.1,12.66
home,SBI,695,7.0,business,76.6,5,0.68,54.6,12.97
personal,HDFC,693,21.8,salaried,22.1,5,,51.4,17.44
education,Axis,636,9.4,self_employed,13.3,14,,3.8,12.24
personal,Kotak,750,23.2,salaried,20.3,2,,55.1,16.28
home,HDFC,727,39.1,salaried,97.9,5,0.81,46.1,11.38
education,Kotak,498,42.3,business,4.4,9,,7.9,13.71
home,ICICI,736,46.1,salaried,106.7,22,0.55,22.3,10.35
car,SBI,563,31.6,salaried,27.0,5,0.88,9.9,14.04
car,Axis,675,48.3,salaried,26.1,1,0.7,31.3,11.51
car,ICICI,610,27.7,salaried,14.4,5,0.5,11.8,11.87
home,Axis,786,44.8,salaried,75.8,5,0.8,52.6,11.31
education,Kotak,614,10.9,business,10.0,15,,23.4,13.22
personal,ICICI,592,43.7,salaried,15.7,4,,7.6,17.39
home,SBI,579,29.7,salaried,109.3,9,0.62,46.8,12.57
car,Axis,767,4.6,business,26.4,7,0.83,0.8,12.1
education,Kotak,870,4.1,salaried,28.9,5,,8.9,10.89
education,SBI,656,41.2,business,11.8,1,,33.2,11.95
personal,Kotak,721,3.4,self_employed,23.5,1,,19.1,17.12
personal,Kotak,658,7.1,salaried,19.3,7,,58.6,18.22
personal,ICICI,654,38.0,salaried,22.1,7,,7.5,16.23
car,Kotak,561,49.9,self_employed,28.2,5,0.72,25.0,14.06
home,Kotak,744,43.0,self_employed,83.6,24,0.51,15.3,10.88
car,HDFC,795,33.0,self_employed,9.6,6,0.82,29.3,11.03
education,ICICI,664,24.0,salaried,26.2,9,,37.7,11.8
personal,SBI,762,22.9,business,16.7,3,,19.9,14.65
personal,Axis,645,7.5,self_employed,10.0,7,,1.0,17.46
car,SBI,814,49.0,salaried,38.2,4,0.67,40.2,9.93
education,Kotak,864,14.5,salaried,1.9,9,,55.1,11.05
home,Kotak,718,7.1,salaried,93.2,22,0.68,36.0,12.11
personal,HDFC,668,36.2,business,2.8,3,,5.6,16.94
home,SBI,698,43.7,salaried,172.8,28,0.77,44.5,12.27
personal,Kotak,683,11.5,salaried,15.6,4,,0.7,15.83
car,Kotak,698,21.8,salaried,35.9,2,0.56,8.8,11.0
car,SBI,638,13.8,salaried,27.1,5,0.77,58.0,13.36
personal,Kotak,713,23.4,salaried,17.0,3,,38.7,16.18
personal,ICICI,714,29.6,salaried,17.6,5,,36.6,15.97
home,ICICI,614,18.1,salaried,71.6,12,0.74,12.1,12.04
personal,Axis,768,16.9,self_employed,20.1,3,,14.1,14.91
personal,Kotak,632,22.2,business,10.2,3,,21.7,18.08
home,ICICI,608,15.3,salaried,132.9,24,0.89,1.3,13.02
car,ICICI,766,38.6,salaried,35.0,1,0.89,50.9,12.84
home,ICICI,745,20.9,self_employed,161.2,12,0.77,39.0,12.9
education,ICICI,759,14.2,business,28.2,15,,42.6,11.74
personal,ICICI,635,7.3,business,6.9,5,,44.5,18.07
personal,SBI,621,17.4,salaried,5.6,3,,52.8,17.63
education,ICICI,680,7.2,salaried,11.7,7,,4.1,11.13
education,SBI,711,30.5,salaried,33.9,14,,31.9,10.45
car,Axis,850,25.1,self_employed,29.7,6,0.84,49.4,11.83
personal,Axis,609,18.8,salaried,11.4,1,,30.1,17.3
home,ICICI,622,23.9,salaried,165.5,10,0.79,0.7,13.12
home,Kotak,891,15.9,self_employed,160.6,15,0.89,32.5,12.62
personal,Axis,800,24.7,salaried,13.4,3,,14.1,14.5
education,Kotak,655,34.6,salaried,5.3,4,,58.8,12.64
car,HDFC,822,34.9,salaried,7.1,2,0.79,36.6,11.01
personal,SBI,732,48.8,salaried,20.9,1,,1.0,14.64
personal,HDFC,759,29.2,self_employed,10.5,1,,52.5,16.15
car,Axis,670,6.5,self_employed,34.3,7,0.7,38.5,13.09
personal,SBI,722,49.3,salaried,23.5,3,,24.0,15.18
education,Kotak,761,16.0,business,21.4,7,,43.2,11.16
education,Kotak,646,24.7,self_employed,21.2,8,,21.0,12.63
car,HDFC,605,12.7,salaried,12.1,3,0.8,41.0,13.41
education,HDFC,708,2.3,salaried,29.8,1,,17.0,11.31
home,ICICI,770,19.0,self_employed,119.0,29,0.56,49.4,11.13
personal,HDFC,663,24.7,salaried,19.3,1,,46.4,16.23
car,Kotak,758,5.6,business,29.5,3,0.64,34.8,11.59
education,HDFC,650,12.7,salaried,22.4,6,,34.2,10.9
education,SBI,667,20.6,salaried,23.9,6,,58.8,12.01
car,HDFC,646,30.3,salaried,4.5,6,0.69,9.4,12.08
car,Axis,704,10.1,self_employed,3.0,2,0.9,58.2,13.96
personal,Axis,689,9.5,salaried,7.1,6,,19.7,16.04
education,Axis,784,49.2,self_employed,1.3,15,,44.3,11.28
home,SBI,704,2.3,self_employed,12.1,6,0.75,57.7,13.02
home,Kotak,823,17.1,salaried,143.2,14,0.8,42.5,11.7
home,Axis,668,14.6,salaried,131.2,20,0.63,44.6,12.2
home,SBI,669,11.2,self_employed,137.4,25,0.5,47.6,12.42
car,Axis,858,45.9,self_employed,23.0,5,0.72,3.5,10.38
education,ICICI,502,33.4,salaried,19.4,14,,1.9,12.44
home,Axis,645,23.7,salaried,111.8,21,0.75,50.8,13.1
car,SBI,570,33.6,self_employed,6.5,1,0.54,28.0,12.67
car,Kotak,571,6.6,salaried,32.7,7,0.6,51.0,14.0
personal,Kotak,658,40.7,salaried,5.2,2,,39.1,16.53
education,ICICI,659,16.5,salaried,5.2,4,,59.3,12.63
home,ICICI,861,34.4,salaried,142.2,6,0.76,5.7,10.4
education,SBI,652,43.7,business,37.7,6,,36.8,12.2
home,HDFC,665,33.4,self_employed,66.2,30,0.88,58.8,13.03
car,HDFC,725,46.4,self_employed,38.9,4,0.81,35.5,12.2
car,Kotak,665,12.6,self_employed,27.8,6,0.77,36.1,13.91
home,Kotak,763,45.1,salaried,22.9,8,0.55,32.2,9.61
personal,Kotak,659,28.7,self_employed,21.8,5,,56.3,18.01
education,ICICI,676,21.6,salaried,13.6,8,,19.0,11.4
personal,HDFC,601,18.1,business,21.3,5,,57.7,18.9
personal,SBI,680,43.5,business,7.0,3,,18.2,16.43
home,SBI,605,21.4,self_employed,112.3,16,0.73,16.2,12.55
personal,Axis,682,13.4,salaried,14.1,2,,49.2,17.06
car,HDFC,647,4.8,salaried,17.8,5,0.64,56.4,13.3
education,HDFC,628,45.9,self_employed,30.8,6,,14.5,12.19
home,Axis,664,16.2,salaried,186.1,6,0.8,31.2,12.56
car,SBI,732,43.0,self_employed,10.6,1,0.58,39.1,11.4
home,ICICI,655,38.6,salaried,145.6,12,0.9,41.1,12.87
home,SBI,673,16.9,self_employed,75.3,8,0.73,5.4,11.75
car,Kotak,765,27.9,salaried,15.0,5,0.68,51.3,11.79
home,HDFC,640,25.3,salaried,161.8,15,0.73,13.0,12.23
education,ICICI,792,5.3,salaried,6.7,13,,7.3,9.79
car,ICICI,627,9.6,business,28.9,6,0.79,30.3,13.96
education,SBI,802,47.6,self_employed,15.7,8,,38.0,10.38
home,HDFC,665,39.9,business,52.7,8,0.51,26.0,11.89
personal,HDFC,571,6.6,salaried,21.8,4,,47.5,18.41
education,SBI,735,43.2,salaried,38.1,8,,12.7,10.14
education,Kotak,557,14.0,salaried,1.2,2,,0.7,12.75
education,Axis,765,42.3,salaried,10.9,14,,42.5,10.73
home,Axis,672,45.2,salaried,59.5,14,0.53,28.8,10.83
home,Kotak,689,21.0,self_employed,57.1,25,0.63,47.6,12.18
home,Kotak,754,20.9,business,144.5,25,0.79,47.5,13.0
car,Kotak,733,39.1,business,13.1,3,0.59,18.3,11.74
car,ICICI,838,24.1,business,15.1,5,0.56,10.7,10.34
education,SBI,492,18.4,self_employed,5.2,11,,16.3,12.39
personal,SBI,804,31.3,salaried,2.9,2,,21.9,13.89
car,HDFC,800,11.3,salaried,6.0,3,0.6,35.2,10.17
education,HDFC,670,49.7,salaried,13.8,10,,5.6,10.86
personal,SBI,678,35.6,salaried,5.2,2,,11.2,15.64
personal,HDFC,663,36.6,self_employed,11.4,4,,39.7,16.75
education,Kotak,754,10.6,business,19.8,10,,50.8,12.57
home,Kotak,703,16.3,salaried,177.9,25,0.55,39.5,12.34
home,HDFC,745,7.7,salaried,55.6,5,0.8,35.8,12.45
personal,HDFC,729,28.1,business,24.7,7,,44.8,16.65
car,SBI,714,13.6,salaried,36.4,4,0.72,35.2,11.34
personal,ICICI,716,5.8,self_employed,1.5,4,,29.1,15.96
home,HDFC,591,35.0,salaried,160.9,17,0.67,59.3,13.05
home,ICICI,707,6.8,self_employed,36.7,12,0.72,5.8,11.17
home,HDFC,697,28.1,salaried,63.2,16,0.55,11.4,11.04
education,ICICI,807,8.2,salaried,4.9,2,,58.2,11.45
car,HDFC,734,23.1,salaried,24.0,4,0.81,47.2,11.3
education,Axis,760,19.5,salaried,22.9,2,,16.1,9.26
education,Kotak,722,13.4,salaried,1.6,11,,27.6,10.68
car,SBI,509,26.6,salaried,35.8,2,0.81,35.1,13.47
education,Kotak,699,13.4,business,31.0,8,,56.1,14.03
home,HDFC,711,37.9,self_employed,180.2,6,0.68,30.6,11.14
personal,SBI,756,40.3,salaried,8.7,3,,39.5,14.92
home,HDFC,658,35.9,salaried,143.0,21,0.72,24.9,11.09
car,Kotak,722,13.3,salaried,14.8,5,0.58,54.0,12.08
car,ICICI,840,8.4,salaried,15.1,6,0.8,1.1,10.57
personal,SBI,633,41.2,salaried,19.4,2,,49.1,16.78
home,SBI,628,35.5,business,165.4,12,0.78,8.1,13.12
education,ICICI,649,27.6,salaried,27.5,5,,53.1,13.21
car,HDFC,705,19.9,self_employed,35.1,5,0.53,26.7,11.28
car,HDFC,756,15.8,self_employed,13.3,3,0.86,9.9,11.64
car,Kotak,689,49.3,self_employed,11.0,2,0.9,18.0,13.57
personal,Axis,746,19.6,self_employed,2.1,1,,53.4,17.27
education,Axis,566,48.8,self_employed,28.8,13,,28.4,13.57
car,SBI,866,45.6,self_employed,39.8,2,0.76,0.1,10.83
personal,ICICI,638,49.8,salaried,1.1,6,,11.7,16.86
home,SBI,813,23.6,business,138.4,6,0.89,27.0,12.05
education,HDFC,663,33.5,salaried,20.9,1,,12.1,10.83
home,Axis,760,18.4,business,136.9,6,0.63,24.7,11.32
personal,Kotak,672,33.4,business,21.3,2,,15.2,16.81
education,SBI,669,31.7,salaried,4.4,15,,38.0,11.96
car,Kotak,611,16.6,self_employed,12.1,4,0.74,0.4,12.53
home,HDFC,553,15.3,salaried,175.2,29,0.7,57.2,13.04
personal,SBI,633,24.2,salaried,23.0,1,,11.7,16.12
home,SBI,688,46.9,salaried,87.5,5,0.77,42.2,12.13
personal,ICICI,605,24.1,self_employed,14.1,6,,22.0,17.7
home,Kotak,671,23.7,salaried,14.2,12,0.81,7.5,11.6
personal,ICICI,746,10.7,salaried,12.0,3,,30.8,15.57
personal,SBI,711,21.3,salaried,1.7,4,,55.2,16.52
home,Kotak,744,14.9,self_employed,81.3,19,0.9,30.6,12.75
personal,Axis,610,15.3,business,2.2,4,,23.7,17.82
personal,Axis,735,35.4,salaried,12.8,2,,44.2,16.19
home,SBI,726,15.5,business,186.1,21,0.89,26.5,12.99
car,Kotak,699,28.4,salaried,28.7,7,0.67,9.0,11.39
home,Kotak,670,16.8,salaried,10.8,24,0.55,25.8,10.8
car,ICICI,616,39.6,business,31.1,3,0.55,46.0,13.75
personal,SBI,651,33.5,self_employed,20.8,3,,55.0,17.14
home,SBI,670,45.3,self_employed,106.2,12,0.78,30.2,12.08
home,ICICI,637,49.7,salaried,54.8,10,0.77,51.6,12.91
personal,ICICI,782,19.6,salaried,17.1,6,,42.1,14.9
personal,ICICI,613,42.1,self_employed,18.3,4,,49.3,18.07
car,Kotak,672,9.6,self_employed,14.5,1,0.79,11.5,12.91
education,Kotak,747,16.8,salaried,16.1,4,,25.6,10.95
education,SBI,672,5.3,self_employed,21.5,7,,31.0,11.9
car,Axis,687,16.4,salaried,28.4,7,0.81,23.1,12.02
car,Kotak,702,31.9,self_employed,8.1,3,0.89,25.9,12.79
home,ICICI,755,16.9,salaried,140.2,7,0.64,24.3,10.36
education,ICICI,605,16.6,self_employed,32.6,5,,35.4,12.92
home,SBI,661,27.1,salaried,137.9,19,0.89,10.8,12.03
car,ICICI,613,40.0,self_employed,14.1,1,0.74,50.2,14.05
home,Kotak,686,16.2,self_employed,13.2,27,0.79,41.0,12.81
personal,Axis,673,8.0,salaried,15.4,3,,28.9,16.31
home,ICICI,746,38.2,salaried,186.8,17,0.78,55.9,12.39
personal,Axis,856,29.6,salaried,18.9,5,,30.1,14.76
education,HDFC,900,4.6,salaried,10.4,8,,53.4,11.18
personal,HDFC,751,13.1,self_employed,2.6,5,,2.7,14.97
car,HDFC,549,15.5,salaried,13.2,1,0.62,2.7,12.79
education,Kotak,670,9.5,self_employed,1.3,15,,53.1,13.68
car,HDFC,532,32.0,salaried,30.2,1,0.68,37.2,13.19
personal,ICICI,697,12.8,salaried,2.0,4,,12.9,16.3
education,HDFC,598,41.4,salaried,13.0,2,,20.6,12.67
personal,Kotak,611,2.6,business,11.5,4,,36.6,19.1
education,Axis,596,48.2,salaried,7.0,3,,48.8,13.56
home,Kotak,672,4.7,self_employed,184.5,12,0.86,51.5,13.19
personal,SBI,755,39.7,salaried,1.3,5,,19.1,14.0
home,Axis,644,22.2,salaried,71.2,20,0.75,24.4,12.66
personal,Axis,680,4.4,salaried,16.7,2,,57.4,17.71
home,SBI,675,49.9,salaried,63.6,10,0.65,11.7,10.54
home,HDFC,660,26.4,salaried,21.1,25,0.58,17.7,10.62
car,ICICI,706,43.9,self_employed,18.2,7,0.79,8.2,11.51
personal,ICICI,641,32.3,salaried,2.9,7,,1.3,16.44
home,Kotak,771,7.6,self_employed,96.4,20,0.62,43.0,11.39
education,Axis,675,46.4,self_employed,25.1,12,,15.8,11.45
home,Kotak,572,37.9,salaried,163.5,14,0.57,27.3,13.02
home,SBI,578,14.4,salaried,76.6,26,0.72,57.0,13.06
personal,ICICI,805,9.7,self_employed,16.2,3,,29.0,15.54
personal,HDFC,720,5.2,business,11.2,7,,16.4,16.12
car,HDFC,811,45.8,self_employed,19.7,3,0.51,17.9,10.47
personal,HDFC,723,43.0,business,15.5,5,,35.6,16.7
personal,ICICI,702,6.2,self_employed,22.5,1,,46.6,16.43
education,ICICI,732,48.1,salaried,10.8,11,,51.4,12.16
car,ICICI,634,20.1,self_employed,39.8,1,0.89,5.3,13.99
home,SBI,778,40.8,salaried,77.3,5,0.76,42.1,10.16
education,ICICI,771,46.8,self_employed,32.4,12,,57.3,11.76
education,ICICI,676,5.3,self_employed,36.9,6,,51.5,14.35
personal,Kotak,612,43.8,self_employed,14.4,1,,41.0,17.81
car,HDFC,607,11.3,salaried,17.5,5,0.58,16.6,11.98
car,SBI,624,46.9,salaried,18.2,6,0.71,45.7,12.5
personal,ICICI,765,41.4,business,16.3,5,,40.2,16.37
car,SBI,638,31.3,self_employed,36.6,5,0.79,47.5,13.34
personal,ICICI,697,9.1,self_employed,11.4,3,,48.3,17.08
car,Kotak,843,5.0,salaried,17.9,1,0.52,3.2,10.35
car,Kotak,539,39.2,salaried,35.7,5,0.79,33.1,13.89
car,Kotak,710,7.4,salaried,8.8,2,0.59,5.7,10.48
home,Axis,473,15.9,self_employed,82.7,6,0.76,7.0,12.95
personal,Kotak,608,21.7,salaried,20.0,7,,42.2,17.26
home,Axis,620,39.2,salaried,133.2,26,0.88,2.2,12.94
education,Axis,751,30.7,self_employed,15.7,11,,10.4,10.02
car,SBI,622,30.4,salaried,22.8,5,0.63,45.4,12.51
personal,Axis,559,11.4,salaried,17.7,7,,50.4,18.98
home,SBI,714,29.8,self_employed,53.7,8,0.63,6.3,9.99
car,HDFC,762,32.8,salaried,37.7,1,0.64,1.2,9.7
home,ICICI,862,25.8,self_employed,184.0,19,0.82,4.3,11.11
car,ICICI,660,40.5,self_employed,25.6,1,0.8,18.0,12.62
home,ICICI,798,8.4,self_employed,96.4,13,0.58,6.0,10.54
education,Axis,797,49.0,business,27.4,7,,35.4,11.16
car,ICICI,680,40.1,self_employed,29.0,2,0.68,49.8,12.72
personal,ICICI,768,30.2,self_employed,10.6,7,,40.4,15.79
home,HDFC,822,30.0,salaried,25.5,19,0.61,34.0,9.13
home,ICICI,683,3.9,salaried,13.3,15,0.72,32.6,11.68
car,ICICI,724,26.1,business,24.6,6,0.74,0.4,11.44
home,SBI,792,19.0,salaried,23.5,7,0.64,14.9,8.91
car,Axis,900,8.8,self_employed,33.1,4,0.65,39.2,11.31
education,Axis,588,38.2,business,11.6,12,,48.4,14.48
personal,Kotak,711,12.1,business,2.0,4,,11.1,16.39
car,HDFC,859,10.2,self_employed,31.3,1,0.79,37.4,11.79
personal,ICICI,834,46.8,self_employed,1.5,4,,16.1,14.59
car,ICICI,743,45.9,salaried,37.5,6,0.69,35.2,11.56
education,ICICI,673,19.1,self_employed,39.2,15,,53.7,13.18
car,ICICI,788,32.8,salaried,32.4,4,0.84,5.6,10.19
home,ICICI,768,13.6,salaried,144.1,30,0.9,45.4,12.1
car,ICICI,710,11.3,self_employed,30.1,7,0.71,7.1,11.51
car,Kotak,610,24.2,salaried,15.5,2,0.68,30.9,12.41
home,SBI,720,32.1,self_employed,131.6,22,0.57,2.0,10.23
car,Kotak,657,45.9,salaried,8.7,3,0.73,42.5,12.64
car,ICICI,685,6.5,salaried,14.2,7,0.73,48.6,12.19
education,SBI,659,30.6,salaried,15.1,13,,44.5,11.65
car,ICICI,673,16.9,business,26.1,6,0.73,10.6,12.72
personal,ICICI,717,49.0,salaried,14.7,5,,46.2,15.6
personal,Axis,812,28.7,self_employed,23.5,7,,30.7,15.24
home,HDFC,857,39.1,salaried,150.2,22,0.58,26.7,9.77
car,SBI,793,39.4,salaried,34.5,3,0.53,56.0,10.79
education,SBI,794,40.9,salaried,6.4,6,,28.0,9.91
home,SBI,792,28.1,salaried,150.3,21,0.68,7.3,9.57
personal,SBI,640,48.5,business,24.3,6,,55.9,18.47
home,Axis,831,21.0,salaried,16.1,10,0.55,50.3,10.43
home,Axis,704,15.8,salaried,55.8,9,0.81,27.6,11.51
education,SBI,618,46.3,salaried,30.2,10,,22.9,11.48
education,SBI,662,5.7,self_employed,36.6,4,,32.6,12.53
personal,Kotak,741,16.3,salaried,7.0,5,,58.8,16.68
education,HDFC,785,24.1,salaried,27.4,14,,51.8,11.25
car,SBI,665,23.4,salaried,31.7,3,0.59,50.1,11.92
home,HDFC,560,45.2,salaried,26.9,20,0.77,51.8,12.97
car,HDFC,665,17.4,self_employed,16.0,1,0.53,35.1,12.38
car,ICICI,584,5.8,business,26.2,7,0.66,21.2,14.04
car,SBI,598,22.7,salaried,4.9,5,0.78,21.1,13.56
home,SBI,756,5.7,salaried,79.0,12,0.73,53.6,11.26
car,SBI,774,3.3,business,3.1,2,0.87,54.1,13.22
education,HDFC,619,41.3,business,1.5,2,,34.7,13.3
car,Axis,674,19.8,self_employed,39.3,1,0.59,8.3,11.51
personal,SBI,792,7.1,salaried,6.5,4,,58.1,15.49
education,ICICI,722,8.3,self_employed,16.6,11,,25.2,10.96
personal,HDFC,691,23.4,salaried,13.4,7,,59.8,16.96
home,ICICI,746,28.4,salaried,96.5,27,0.7,37.1,11.39
education,Axis,752,43.5,salaried,21.8,11,,18.5,9.66
education,SBI,634,20.4,self_employed,11.5,14,,46.9,12.94
home,HDFC,709,48.6,salaried,77.9,14,0.52,55.6,10.94
education,ICICI,692,20.3,salaried,27.0,10,,45.4,11.88
car,ICICI,813,25.7,self_employed,4.5,3,0.65,18.2,10.29
personal,Axis,708,25.6,self_employed,14.8,7,,28.8,16.09
home,SBI,643,42.7,self_employed,184.8,17,0.74,29.3,12.69
home,Axis,716,47.7,self_employed,27.6,21,0.74,58.0,12.27
personal,Axis,639,4.1,salaried,22.7,7,,18.0,17.19
education,SBI,714,24.0,salaried,37.6,8,,4.6,9.9
personal,ICICI,648,23.4,salaried,22.9,4,,46.9,17.11
home,ICICI,568,27.0,self_employed,139.6,10,0.79,15.1,12.97
car,Axis,634,42.6,salaried,5.2,5,0.53,56.3,13.43
car,Kotak,751,23.4,self_employed,39.9,1,0.66,54.4,12.18
home,HDFC,745,19.7,salaried,197.3,27,0.51,45.0,11.72
car,HDFC,701,43.8,salaried,9.9,5,0.71,33.7,10.97
personal,HDFC,585,25.9,salaried,22.7,1,,18.6,16.94
car,Axis,707,47.7,self_employed,5.9,2,0.7,6.6,11.15
personal,HDFC,627,12.3,self_employed,5.2,7,,22.6,17.11
personal,Kotak,705,44.4,business,23.1,4,,51.7,17.77
education,Axis,686,30.8,salaried,26.2,11,,27.9,11.73
personal,HDFC,722,30.8,business,21.6,3,,31.8,16.37
car,HDFC,807,27.3,salaried,37.9,3,0.88,32.3,11.39
education,Kotak,854,14.8,salaried,3.9,1,,6.9,9.88
home,ICICI,837,44.4,self_employed,198.0,7,0.69,43.4,11.22
car,Axis,694,7.9,salaried,21.7,3,0.86,58.6,14.02
home,SBI,717,42.4,salaried,152.4,18,0.73,13.2,9.87
car,SBI,800,32.6,salaried,17.1,2,0.52,22.3,9.37
car,HDFC,637,25.5,self_employed,38.0,3,0.76,44.5,13.74
home,Kotak,612,17.7,salaried,61.2,9,0.81,50.1,13.12
home,HDFC,753,6.7,self_employed,199.5,14,0.6,22.6,10.89
education,Kotak,794,14.4,salaried,37.2,4,,56.8,11.59
education,SBI,666,9.2,salaried,32.0,1,,34.0,10.95
personal,SBI,663,15.7,business,21.9,6,,21.1,16.95
car,Kotak,544,24.6,salaried,13.3,5,0.61,5.6,12.97
education,Axis,745,34.5,salaried,30.3,10,,20.0,10.79
education,SBI,634,10.8,self_employed,25.3,5,,43.5,13.09
education,HDFC,711,10.9,self_employed,6.0,9,,56.2,12.5
home,ICICI,665,5.1,salaried,27.3,8,0.52,4.8,10.81
car,Kotak,871,48.0,salaried,36.3,3,0.81,42.8,11.42
car,ICICI,786,14.5,self_employed,13.7,6,0.79,9.8,10.77
personal,Axis,713,5.3,self_employed,3.4,3,,45.5,16.43
car,SBI,798,37.4,self_employed,30.2,3,0.82,48.0,11.13
education,ICICI,793,41.2,self_employed,31.0,9,,48.0,11.04
car,Kotak,690,44.3,self_employed,9.0,2,0.67,39.1,12.74
car,Axis,653,23.0,business,38.6,5,0.73,57.2,13.75
personal,Axis,750,48.6,business,5.1,2,,42.4,16.22
personal,Axis,679,21.9,salaried,20.6,3,,12.1,15.98
personal,SBI,602,34.7,salaried,17.0,1,,2.4,16.08
car,ICICI,672,24.9,self_employed,19.4,1,0.84,56.8,13.99
car,Axis,534,20.0,self_employed,16.7,6,0.6,22.0,13.7
car,ICICI,763,21.5,business,23.5,6,0.57,1.2,10.79
home,ICICI,445,32.2,self_employed,31.1,14,0.54,33.8,12.81
personal,SBI,792,17.3,salaried,11.2,4,,5.4,14.22
personal,Axis,680,6.4,salaried,17.6,2,,36.9,16.77
personal,Axis,686,23.4,self_employed,16.2,3,,25.7,16.34
personal,Axis,768,34.1,self_employed,16.6,6,,3.6,14.76
education,SBI,823,4.5,self_employed,36.9,8,,36.5,11.52
car,ICICI,708,20.7,salaried,32.7,4,0.61,21.0,10.41
car,SBI,724,12.2,business,25.4,3,0.84,1.7,11.72
personal,ICICI,708,20.9,salaried,9.7,3,,39.3,15.9
personal,HDFC,680,15.2,salaried,8.3,5,,53.6,17.11
personal,ICICI,754,39.4,salaried,2.8,3,,59.3,15.85
car,SBI,747,48.7,self_employed,26.7,3,0.58,19.5,10.21
home,Axis,710,21.6,self_employed,196.1,22,0.55,40.2,12.35
personal,SBI,652,21.6,salaried,22.9,5,,42.9,15.95
car,Axis,718,15.4,salaried,5.0,3,0.55,57.0,12.17
personal,ICICI,812,38.1,business,7.2,3,,12.9,15.17
personal,Kotak,775,11.4,self_employed,19.9,5,,32.8,15.2
home,Kotak,730,24.3,salaried,160.2,15,0.66,5.8,11.31
car,Axis,429,16.8,business,15.5,3,0.56,5.1,13.59
personal,Kotak,718,25.1,salaried,11.9,2,,58.3,16.78
personal,Axis,700,6.5,business,5.0,6,,15.3,16.29
home,HDFC,617,26.2,business,98.7,6,0.71,1.9,12.95
car,Axis,706,48.9,salaried,19.5,5,0.56,17.2,10.33
education,ICICI,779,25.9,self_employed,38.6,13,,40.5,10.78
car,ICICI,743,2.8,business,29.7,5,0.82,32.0,13.34
education,HDFC,678,18.1,self_employed,14.7,10,,55.2,13.07
personal,Axis,729,40.0,salaried,18.9,4,,3.0,15.07
car,HDFC,613,15.1,business,9.2,3,0.59,39.3,13.5
car,SBI,534,48.2,self_employed,3.3,3,0.75,51.1,13.94
education,ICICI,793,28.9,salaried,4.8,3,,15.0,9.19
home,HDFC,727,19.8,self_employed,46.2,13,0.63,35.6,11.58
home,Kotak,677,36.6,salaried,141.5,14,0.58,53.8,12.49
education,ICICI,840,19.9,business,28.1,9,,40.4,11.35
personal,SBI,670,41.5,self_employed,5.9,7,,55.6,17.62
personal,HDFC,701,31.7,salaried,6.7,5,,48.5,16.05
home,SBI,707,22.0,salaried,199.0,11,0.78,40.7,12.18
car,SBI,786,49.4,salaried,3.1,6,0.8,32.9,9.99
home,ICICI,580,38.1,self_employed,67.7,21,0.58,11.7,12.75
education,HDFC,764,45.1,salaried,9.0,3,,19.3,9.69
personal,Kotak,702,38.8,business,15.4,5,,49.9,16.82
car,Kotak,686,41.4,business,33.1,7,0.71,23.7,12.97
education,ICICI,790,22.3,self_employed,11.2,14,,34.8,10.64
home,Axis,634,38.9,salaried,76.0,6,0.88,60.0,13.06
car,Axis,645,29.4,salaried,13.9,2,0.67,59.2,13.72
home,Axis,624,15.8,salaried,196.9,18,0.64,50.9,13.01
personal,Axis,741,26.0,salaried,6.1,3,,48.1,15.94
home,Kotak,701,14.7,self_employed,99.1,7,0.86,14.1,12.79
home,HDFC,661,18.9,salaried,44.2,24,0.65,7.9,11.16
personal,Kotak,752,27.9,salaried,5.1,7,,58.6,16.14
car,SBI,725,45.4,self_employed,5.0,1,0.67,36.2,11.6
home,Kotak,759,20.7,salaried,129.8,27,0.8,50.1,12.8
car,Kotak,706,20.1,salaried,38.1,2,0.87,35.1,12.71
personal,Kotak,758,39.7,business,20.1,4,,14.4,15.61
home,HDFC,753,31.3,self_employed,97.1,7,0.64,25.1,10.24
car,Axis,900,25.0,self_employed,19.4,6,0.58,29.5,10.23
car,SBI,791,9.0,self_employed,23.5,1,0.59,30.7,10.47
personal,Kotak,800,3.3,salaried,3.2,1,,16.8,14.63
car,Axis,720,44.1,salaried,22.5,5,0.66,49.5,11.71
education,SBI,677,26.5,salaried,39.2,1,,40.9,11.39
education,Axis,711,3.1,salaried,17.8,5,,10.9,10.64
home,Kotak,654,33.3,salaried,133.2,27,0.52,32.3,11.01
car,HDFC,687,29.0,self_employed,17.9,1,0.68,58.6,13.14
personal,SBI,732,20.4,salaried,1.5,5,,32.1,14.97
education,ICICI,702,28.7,salaried,7.5,2,,57.4,11.78
car,Kotak,832,7.6,salaried,25.7,6,0.7,21.3,10.41
home,Axis,824,41.7,salaried,186.1,23,0.86,22.9,11.25
car,Kotak,734,41.0,business,36.5,7,0.72,24.7,11.75
personal,Axis,712,40.2,salaried,9.2,4,,20.0,15.13
personal,SBI,674,26.7,salaried,6.2,6,,25.7,15.48
personal,HDFC,663,30.4,self_employed,10.5,2,,24.0,16.31
car,ICICI,747,4.9,salaried,39.9,4,0.72,21.5,11.94
personal,ICICI,807,2.8,salaried,11.1,2,,11.4,14.8
home,ICICI,721,37.7,self_employed,130.3,26,0.69,54.7,12.46
car,SBI,756,37.9,business,29.0,3,0.82,53.7,12.68
home,Kotak,774,33.3,salaried,20.7,19,0.71,45.1,10.26
education,HDFC,637,7.1,salaried,37.4,15,,26.8,12.41
car,Axis,608,18.1,self_employed,21.5,2,0.76,46.2,13.61
education,HDFC,673,17.6,self_employed,23.3,7,,49.1,12.21
home,ICICI,760,3.8,business,156.5,19,0.87,19.1,12.32
car,ICICI,691,8.1,salaried,7.1,5,0.59,21.3,11.68
car,HDFC,817,20.1,salaried,24.5,4,0.72,16.7,9.5
home,Kotak,678,7.7,salaried,100.4,16,0.88,51.1,12.93
home,Axis,828,38.4,salaried,21.9,6,0.63,34.7,9.19
personal,Axis,782,35.8,self_employed,14.5,6,,18.5,14.77
car,ICICI,668,12.9,self_employed,29.3,1,0.55,2.1,11.76
personal,Axis,636,30.9,salaried,24.6,4,,20.6,16.93
home,Kotak,667,38.0,self_employed,67.5,14,0.63,17.0,11.68
personal,Kotak,729,49.3,salaried,9.7,5,,17.7,15.22
personal,SBI,665,30.8,self_employed,21.5,4,,28.1,16.49
car,Kotak,626,31.6,self_employed,28.1,6,0.52,35.6,13.34
car,ICICI,708,37.0,self_employed,23.5,6,0.64,25.8,11.05
personal,ICICI,778,42.8,salaried,6.6,1,,6.6,14.43
home,Axis,661,22.4,salaried,153.4,13,0.89,4.4,12.95
education,ICICI,614,15.5,salaried,17.7,2,,11.7,11.58
home,HDFC,713,27.9,salaried,72.0,19,0.64,30.8,10.3
car,ICICI,692,22.8,salaried,23.0,1,0.63,36.6,11.33
car,Kotak,705,39.0,salaried,34.9,6,0.54,5.8,10.78
education,HDFC,610,14.9,salaried,4.7,7,,27.1,11.85
personal,Kotak,664,46.8,salaried,6.5,1,,3.7,16.19
education,SBI,678,36.0,business,38.4,2,,39.4,12.2
personal,Kotak,592,46.8,business,3.5,7,,2.1,18.8
car,SBI,866,7.3,self_employed,22.2,2,0.64,15.5,9.84
home,Axis,640,43.8,business,132.0,19,0.61,40.0,12.84
car,Axis,665,11.6,self_employed,13.6,1,0.61,57.5,13.03
home,SBI,683,25.1,business,180.9,25,0.77,22.9,13.12
home,HDFC,625,33.1,salaried,82.6,9,0.53,31.8,11.62
education,Axis,801,21.1,self_employed,33.7,7,,44.1,11.19
home,HDFC,787,3.3,business,33.3,10,0.64,42.5,11.94
car,ICICI,700,26.1,salaried,37.2,4,0.87,13.8,11.86
car,HDFC,683,26.7,self_employed,20.3,5,0.72,42.8,12.67
education,HDFC,615,43.7,salaried,29.6,9,,54.5,13.46
personal,ICICI,793,17.6,salaried,21.9,5,,24.9,14.63
education,Axis,707,27.9,salaried,15.5,6,,27.4,10.76
personal,HDFC,783,41.4,salaried,22.6,6,,18.6,14.11
car,ICICI,542,36.4,self_employed,11.2,3,0.69,10.4,13.23
personal,Kotak,613,16.3,salaried,16.0,7,,6.0,16.64
education,ICICI,618,49.0,self_employed,10.5,10,,34.6,13.01
home,Axis,684,11.6,self_employed,176.4,22,0.57,6.5,11.91
car,HDFC,682,10.5,salaried,26.6,6,0.5,21.5,11.56
personal,Axis,759,41.6,business,7.6,7,,35.0,15.91
car,HDFC,743,22.4,salaried,18.3,4,0.85,32.9,12.08
education,Axis,637,44.8,self_employed,26.2,12,,25.7,12.54
personal,HDFC,703,4.1,business,19.8,1,,39.9,16.97
home,Axis,553,10.2,salaried,107.8,26,0.57,6.1,12.76
home,HDFC,711,36.9,salaried,177.1,17,0.77,37.0,12.09
car,ICICI,577,42.4,self_employed,25.9,5,0.76,55.1,14.13
personal,HDFC,706,23.7,salaried,18.1,4,,33.9,15.64
education,Kotak,677,37.2,salaried,15.4,14,,1.4,11.37
home,Axis,843,32.4,salaried,117.5,14,0.89,17.6,10.65
car,HDFC,761,20.1,salaried,26.4,5,0.8,22.5,10.43
home,SBI,584,41.7,salaried,41.2,15,0.88,23.5,13.08
personal,SBI,721,28.0,self_employed,21.9,5,,10.9,15.34
car,Kotak,851,39.9,self_employed,4.5,4,0.56,21.5,10.39
car,Axis,860,17.2,salaried,13.7,4,0.54,59.6,11.08
car,HDFC,814,31.2,self_employed,18.5,7,0.82,2.2,10.99
education,Axis,687,36.7,self_employed,11.9,9,,35.3,12.3
personal,Axis,675,29.0,salaried,13.3,4,,37.9,16.97
personal,ICICI,746,46.0,salaried,22.4,5,,50.3,16.92
car,SBI,808,19.0,salaried,29.7,4,0.64,47.0,9.98
personal,Kotak,739,13.5,self_employed,1.0,6,,4.0,16.11
personal,HDFC,667,11.5,self_employed,15.1,1,,8.9,16.56
home,Kotak,642,9.9,salaried,90.9,8,0.51,38.1,12.9
education,SBI,564,24.2,self_employed,36.5,14,,57.1,14.22
car,SBI,813,33.5,salaried,19.5,4,0.67,19.9,9.66
home,Axis,778,29.6,self_employed,170.0,25,0.81,33.1,10.96
home,Kotak,662,15.0,self_employed,66.2,24,0.58,4.1,11.75
car,HDFC,578,19.9,self_employed,29.0,5,0.89,10.5,13.93
education,SBI,673,34.8,salaried,26.8,8,,13.7,10.7
personal,Kotak,586,13.2,salaried,20.5,6,,48.9,18.05
car,Kotak,729,27.6,salaried,33.5,7,0.59,56.0,12.24
education,ICICI,641,30.4,salaried,28.3,12,,43.9,12.86
education,Kotak,762,20.5,salaried,37.7,5,,39.1,10.47
home,Kotak,731,3.5,self_employed,173.0,22,0.59,19.2,11.71
personal,SBI,526,27.2,business,19.9,3,,18.3,18.05
personal,HDFC,717,34.8,business,5.4,4,,45.5,16.84
education,Kotak,572,15.9,self_employed,24.3,7,,25.2,13.53
personal,ICICI,666,25.2,business,23.4,2,,36.3,17.99
personal,SBI,642,25.5,salaried,11.6,2,,5.1,16.07
car,Kotak,860,36.8,salaried,30.9,5,0.63,18.9,9.56
personal,ICICI,761,40.2,salaried,9.0,6,,24.4,14.57
personal,ICICI,552,19.0,salaried,15.7,6,,44.3,18.35
home,HDFC,731,31.5,salaried,35.1,24,0.51,51.8,10.79
car,HDFC,611,28.8,salaried,31.5,2,0.83,46.9,13.49
home,ICICI,475,16.9,salaried,168.5,11,0.59,3.5,13.08
home,Kotak,678,7.3,self_employed,105.0,15,0.72,56.3,13.04
car,SBI,688,43.3,self_employed,36.6,1,0.9,24.6,13.18
personal,Kotak,580,45.5,salaried,18.2,6,,56.1,19.14
personal,SBI,658,12.1,self_employed,23.2,1,,38.2,16.67
home,Axis,690,23.9,self_employed,112.3,26,0.88,39.1,12.9
car,Axis,552,40.3,self_employed,23.1,7,0.77,44.7,14.14
personal,Axis,792,40.1,salaried,17.7,5,,31.4,14.79
home,Axis,672,30.8,salaried,103.7,21,0.61,4.9,11.12
personal,Kotak,617,39.4,self_employed,8.8,4,,54.9,18.75
personal,HDFC,744,11.7,salaried,14.9,6,,36.2,15.68
education,ICICI,649,35.8,self_employed,20.6,14,,14.0,12.27
personal,Kotak,736,12.0,salaried,10.9,6,,47.5,15.79
education,Axis,715,48.3,self_employed,9.4,10,,8.4,10.88
home,ICICI,708,43.2,business,174.3,11,0.52,26.0,11.17
home,ICICI,749,21.0,salaried,104.3,12,0.79,50.4,12.63
personal,ICICI,671,33.8,salaried,18.4,2,,41.4,16.11
car,Kotak,558,21.5,business,7.4,1,0.55,14.7,13.68
car,ICICI,743,32.9,business,34.2,2,0.51,18.4,11.16
car,HDFC,659,40.9,salaried,22.0,4,0.5,4.0,10.85
home,SBI,672,5.1,salaried,104.8,16,0.78,42.0,12.77
car,HDFC,734,24.4,salaried,38.5,7,0.58,39.3,11.11
home,Axis,657,33.6,salaried,83.0,21,0.55,55.2,12.63
home,HDFC,607,44.5,self_employed,74.3,24,0.55,59.5,13.0
car,SBI,710,30.7,salaried,39.9,5,0.59,8.6,10.18
personal,SBI,722,11.0,salaried,12.7,5,,18.3,14.95
education,ICICI,687,14.2,business,14.9,11,,42.5,13.01
home,Kotak,747,43.3,self_employed,128.6,27,0.52,9.6,11.24
car,HDFC,631,26.2,self_employed,36.1,4,0.56,24.3,12.34
car,SBI,669,41.9,salaried,27.3,1,0.77,51.1,13.19
personal,Axis,632,15.6,salaried,5.5,5,,18.5,16.66
home,Axis,624,45.6,business,110.1,16,0.76,8.1,12.83
personal,Kotak,740,47.9,salaried,14.4,5,,36.6,16.13
car,SBI,708,19.8,salaried,38.7,5,0.84,35.6,11.42
car,HDFC,605,42.3,salaried,16.8,3,0.62,39.0,12.4
personal,HDFC,650,49.9,salaried,19.2,6,,59.0,17.23
personal,HDFC,711,35.2,self_employed,3.3,1,,47.3,16.31
car,SBI,697,40.0,salaried,31.5,4,0.76,11.3,11.18
education,HDFC,782,49.0,self_employed,9.0,7,,55.3,11.24
personal,ICICI,552,41.1,salaried,6.2,3,,20.0,17.75
home,Axis,806,27.4,salaried,126.1,14,0.85,14.1,11.09
car,Axis,558,49.1,self_employed,37.3,4,0.64,2.5,13.06
car,Kotak,814,20.0,business,7.9,7,0.65,21.2,11.35
personal,SBI,740,6.6,salaried,10.9,1,,38.4,15.34
personal,SBI,708,32.1,salaried,11.4,7,,1.7,14.6
personal,SBI,646,35.1,self_employed,16.5,5,,22.8,16.96
car,SBI,660,16.6,salaried,15.8,4,0.73,19.2,11.28
personal,SBI,723,27.3,self_employed,11.5,6,,38.4,16.05
car,Axis,586,26.9,self_employed,26.0,3,0.66,56.4,13.93
education,SBI,751,44.5,salaried,20.6,3,,31.9,9.23
personal,SBI,791,41.3,business,18.8,2,,31.5,15.26
car,SBI,808,27.7,salaried,5.7,7,0.59,57.5,10.8
home,ICICI,742,6.5,salaried,115.1,18,0.87,52.3,13.03
personal,HDFC,745,16.9,business,11.2,5,,2.2,15.92
car,HDFC,684,29.3,self_employed,14.8,3,0.88,18.8,13.14
personal,SBI,765,9.5,salaried,8.7,2,,2.8,13.86
car,ICICI,644,10.4,self_employed,19.1,5,0.6,23.2,12.31
car,SBI,637,23.1,self_employed,29.2,3,0.86,49.9,14.0
home,Axis,606,17.8,business,92.6,23,0.59,38.6,13.11
personal,SBI,837,16.9,salaried,17.5,2,,55.0,15.3
car,HDFC,605,11.9,salaried,8.5,6,0.87,23.5,13.04
education,Axis,637,36.7,salaried,32.9,13,,17.7,11.93
home,SBI,632,31.7,salaried,135.9,14,0.83,10.3,12.32
personal,ICICI,675,50.0,business,17.1,1,,8.6,16.84
car,Axis,705,31.8,business,17.9,5,0.8,23.2,12.4
car,HDFC,752,18.0,salaried,14.4,6,0.57,46.8,10.15
personal,HDFC,828,23.0,self_employed,2.0,1,,4.8,14.59
personal,HDFC,696,11.6,salaried,11.1,3,,55.8,17.25
car,HDFC,879,21.8,salaried,15.8,5,0.74,48.8,10.48
education,HDFC,720,13.2,salaried,27.3,5,,23.1,10.55
car,Kotak,720,22.4,self_employed,33.0,7,0.67,11.2,11.16
car,Axis,900,45.1,self_employed,10.3,4,0.51,36.8,10.99
home,ICICI,657,38.6,self_employed,44.1,15,0.65,30.6,11.94
home,HDFC,643,40.9,self_employed,57.0,19,0.83,25.0,12.84
personal,HDFC,790,40.5,salaried,15.8,3,,26.8,14.86
car,SBI,740,39.0,business,22.5,6,0.68,54.4,13.0
home,ICICI,700,20.2,salaried,39.9,28,0.64,42.4,10.49
car,HDFC,737,36.2,salaried,26.7,7,0.81,36.4,11.41
personal,ICICI,753,7.8,self_employed,5.0,7,,57.5,16.84
education,Kotak,634,25.3,salaried,37.2,8,,39.2,12.39
education,SBI,687,20.2,salaried,39.6,5,,33.4,10.74
education,ICICI,736,10.6,salaried,8.6,13,,5.6,10.43
education,ICICI,686,15.8,self_employed,5.1,6,,49.1,12.65
education,ICICI,649,45.0,salaried,7.0,4,,0.4,12.14
car,Axis,659,29.6,business,26.1,7,0.66,25.2,12.9
personal,Axis,767,21.6,salaried,24.5,6,,2.7,14.73
car,ICICI,743,28.8,salaried,11.2,1,0.82,48.4,11.49
home,SBI,729,35.9,salaried,85.0,22,0.88,39.7,12.13
personal,SBI,723,26.8,salaried,6.0,6,,17.9,14.59
education,ICICI,744,22.4,salaried,1.6,1,,28.3,10.34
education,Kotak,732,27.4,salaried,31.7,10,,37.0,11.44
education,ICICI,797,21.5,salaried,38.1,1,,18.3,9.52
home,Axis,636,30.4,salaried,142.4,9,0.58,23.1,12.49
home,Kotak,724,14.6,self_employed,134.3,30,0.56,11.2,11.47
home,Kotak,596,37.7,business,35.6,10,0.87,52.9,12.95
personal,Kotak,680,23.3,self_employed,22.6,3,,58.8,17.98
car,Axis,609,45.8,salaried,40.0,6,0.86,55.9,13.86
personal,Kotak,665,47.3,self_employed,1.6,2,,24.6,17.17
car,SBI,630,10.0,salaried,30.0,3,0.83,4.8,12.61
home,SBI,794,6.5,salaried,145.0,24,0.6,30.2,9.75
education,HDFC,703,30.3,salaried,29.5,11,,54.3,11.66
education,Kotak,729,43.2,salaried,13.8,14,,59.3,11.96
education,SBI,608,39.7,salaried,5.3,13,,55.1,12.84
car,HDFC,712,15.2,salaried,11.2,1,0.73,1.2,10.68
car,ICICI,720,23.0,self_employed,18.0,4,0.79,22.6,11.95
personal,ICICI,707,35.7,business,21.2,2,,25.6,16.68
home,HDFC,590,34.7,salaried,20.6,25,0.7,20.2,12.41
education,Kotak,601,31.5,business,10.2,14,,19.3,12.94
car,SBI,674,7.1,salaried,39.1,3,0.74,1.7,11.79
personal,HDFC,725,38.5,self_employed,21.6,7,,55.4,16.93
personal,ICICI,622,42.0,self_employed,4.5,4,,9.9,17.29
personal,ICICI,613,44.6,salaried,21.5,7,,4.1,16.87
car,HDFC,799,34.4,business,35.3,6,0.71,35.5,11.12
car,SBI,675,10.9,self_employed,3.8,3,0.73,51.1,13.01
personal,ICICI,705,7.5,business,7.5,3,,9.3,16.54
education,Axis,671,3.8,salaried,20.9,5,,3.5,11.58
car,Axis,752,17.8,self_employed,37.0,1,0.74,35.3,11.49
home,HDFC,716,24.1,salaried,72.8,26,0.69,36.0,10.76
home,SBI,675,29.6,salaried,179.7,17,0.87,5.9,12.95
car,Axis,692,8.8,salaried,24.9,4,0.61,30.7,11.65
car,ICICI,659,44.7,salaried,10.4,4,0.7,49.9,12.02
education,Kotak,808,41.1,salaried,8.7,12,,38.4,10.35
home,Kotak,725,23.4,salaried,51.3,20,0.7,33.8,10.64
home,ICICI,657,30.6,salaried,62.7,16,0.75,56.9,13.1
home,HDFC,774,34.2,self_employed,147.9,9,0.63,14.0,10.34
education,Kotak,802,32.6,salaried,13.0,2,,35.3,10.44
home,Axis,815,37.1,self_employed,174.0,5,0.89,22.8,11.76
personal,Kotak,676,8.4,business,21.1,5,,30.1,17.29
home,Axis,855,16.6,self_employed,86.4,17,0.82,15.9,10.69
education,SBI,652,31.3,self_employed,32.6,4,,32.0,11.23
car,SBI,640,9.6,salaried,38.3,4,0.51,41.5,12.61
home,Axis,655,22.8,self_employed,78.7,8,0.62,16.5,11.41
personal,SBI,725,49.6,salaried,9.5,4,,55.4,16.39
home,HDFC,655,49.4,self_employed,120.3,10,0.81,58.6,12.98
car,SBI,797,26.6,salaried,11.8,7,0.61,44.4,9.94
education,HDFC,640,22.1,self_employed,21.5,2,,34.8,12.72
personal,Axis,872,38.1,salaried,8.8,5,,2.3,14.4
education,Kotak,745,18.9,self_employed,34.2,6,,6.2,11.23
home,Kotak,732,34.2,self_employed,131.9,20,0.88,18.6,12.25
personal,HDFC,614,30.2,self_employed,5.7,4,,40.3,17.56
car,Kotak,679,24.5,business,19.1,2,0.5,53.9,13.65
car,HDFC,701,37.0,self_employed,28.8,4,0.82,26.5,11.88
home,Kotak,716,8.3,self_employed,16.1,20,0.62,46.1,11.22
car,Axis,579,46.1,salaried,13.5,1,0.52,22.4,13.38
personal,Axis,854,39.2,self_employed,7.5,2,,55.1,16.23
education,Kotak,566,14.7,self_employed,23.3,14,,22.3,13.51
car,Axis,865,39.3,salaried,29.3,4,0.84,59.6,12.21
car,SBI,791,17.1,salaried,39.2,1,0.65,6.6,9.4
home,ICICI,681,26.1,salaried,45.5,26,0.63,3.8,10.36
education,Axis,707,24.9,salaried,34.5,3,,8.9,10.56
personal,HDFC,900,3.5,self_employed,1.8,5,,22.0,15.22
education,Kotak,654,24.4,business,32.9,15,,37.4,13.1
personal,ICICI,675,32.5,salaried,6.6,5,,49.1,16.81
education,Kotak,590,42.2,salaried,28.4,13,,8.6,13.0
car,Axis,649,32.6,self_employed,31.1,1,0.64,51.3,14.06
education,ICICI,877,49.1,salaried,31.9,14,,53.8,10.8
home,ICICI,583,44.7,self_employed,102.1,19,0.82,25.4,12.88
car,Axis,825,35.9,business,22.2,2,0.65,6.4,10.7
car,Kotak,790,5.9,self_employed,26.1,5,0.62,11.4,10.51
home,ICICI,826,5.8,self_employed,122.1,25,0.52,43.5,11.19
car,Kotak,852,19.6,salaried,18.7,1,0.56,21.9,10.49
personal,SBI,661,3.1,self_employed,9.5,3,,59.1,17.77
personal,Axis,515,21.9,salaried,16.4,5,,9.3,17.53
education,HDFC,659,12.2,salaried,5.9,15,,3.6,10.94
home,Axis,717,10.6,business,168.4,11,0.79,57.1,12.86
personal,SBI,708,10.8,self_employed,17.4,7,,2.6,14.93
home,HDFC,772,24.7,salaried,102.1,21,0.84,26.5,10.3
car,Axis,734,36.3,business,6.0,2,0.77,49.7,12.77
car,Kotak,767,11.2,salaried,6.2,6,0.8,3.4,10.5
education,HDFC,744,13.7,salaried,20.3,14,,27.2,10.55
home,Kotak,649,10.7,business,63.1,23,0.62,33.9,13.11
car,Axis,675,42.2,salaried,25.8,3,0.82,14.1,11.82
personal,Kotak,747,22.5,salaried,7.0,1,,35.6,16.18
car,SBI,807,33.0,self_employed,11.2,4,0.55,6.5,9.74
home,ICICI,611,14.5,salaried,117.4,7,0.67,34.4,13.04
home,Kotak,794,45.2,salaried,182.3,17,0.61,38.4,10.4
home,Kotak,688,29.7,salaried,78.6,28,0.73,55.4,12.58
education,Kotak,614,26.2,self_employed,26.4,4,,43.6,13.21
home,HDFC,769,11.6,salaried,167.2,20,0.53,35.2,10.67
personal,Kotak,704,29.8,salaried,15.8,5,,3.6,15.6
personal,HDFC,691,27.4,salaried,7.1,1,,46.4,16.37
home,HDFC,812,8.2,self_employed,147.3,28,0.7,41.6,11.63
home,Kotak,751,42.4,salaried,159.3,16,0.65,4.2,9.97
education,Axis,708,17.4,salaried,22.4,11,,32.9,10.67
education,Axis,731,10.2,business,8.1,15,,43.0,12.27
education,SBI,655,44.7,salaried,34.3,10,,16.4,10.48
personal,HDFC,778,40.3,salaried,19.0,5,,25.5,14.57
personal,HDFC,635,41.5,salaried,6.2,2,,43.2,17.34
home,Axis,600,7.2,salaried,65.0,19,0.57,10.7,12.51
education,Kotak,828,24.3,salaried,30.5,2,,47.6,10.55
education,Kotak,746,28.8,business,24.9,4,,37.2,12.72
education,ICICI,734,32.4,business,32.9,15,,31.2,11.33
home,Kotak,557,28.7,salaried,54.6,26,0.81,48.9,13.08
personal,HDFC,796,28.5,salaried,15.6,3,,15.0,14.44
home,SBI,712,4.5,salaried,194.6,15,0.77,29.5,11.65
car,ICICI,762,38.5,self_employed,16.4,3,0.58,34.7,10.46
home,HDFC,638,13.7,salaried,150.2,16,0.7,19.7,12.55
home,Kotak,738,18.0,self_employed,112.9,11,0.72,36.5,12.59
education,Kotak,735,4.0,salaried,18.5,15,,6.5,10.88
education,ICICI,666,10.5,salaried,12.4,5,,22.2,11.46
home,ICICI,778,23.9,salaried,38.5,16,0.69,19.5,9.13
car,SBI,681,33.0,self_employed,10.8,2,0.7,0.1,11.74
car,ICICI,717,34.3,salaried,22.2,3,0.84,20.0,11.22
personal,Axis,712,41.0,salaried,6.2,3,,25.5,15.73
personal,SBI,701,10.9,salaried,12.7,2,,49.6,15.78
personal,SBI,714,4.4,salaried,10.6,7,,21.0,15.34
personal,SBI,654,35.6,salaried,21.2,2,,19.2,15.46
education,HDFC,742,30.6,self_employed,23.1,13,,53.8,12.51
car,ICICI,780,12.0,self_employed,17.4,3,0.76,50.3,12.43
education,ICICI,875,44.1,business,17.0,11,,7.9,10.57
education,Axis,664,24.3,salaried,33.6,12,,54.1,12.81
car,SBI,638,15.8,self_employed,23.0,2,0.72,48.1,13.0
personal,Kotak,661,19.2,salaried,20.4,3,,32.1,16.15
education,Axis,863,32.8,salaried,6.6,8,,49.7,10.25
personal,Axis,645,35.9,salaried,17.4,3,,20.9,17.08
home,Axis,689,15.8,salaried,96.2,21,0.88,53.5,12.85
education,HDFC,786,8.5,salaried,12.7,1,,59.7,11.04
personal,SBI,787,21.8,business,13.0,2,,47.5,15.53
education,Axis,822,4.1,salaried,11.1,4,,28.8,10.1
personal,ICICI,746,5.8,salaried,22.4,4,,7.0,15.7
home,SBI,758,24.3,self_employed,15.9,23,0.89,1.7,10.87
personal,Kotak,649,25.7,self_employed,19.9,7,,53.8,18.83
personal,Axis,717,34.9,self_employed,9.1,7,,16.0,16.1
home,Kotak,698,39.5,business,45.8,19,0.83,59.5,12.99
personal,ICICI,538,15.9,salaried,14.1,3,,33.2,17.53
car,Kotak,875,29.1,salaried,16.5,1,0.79,37.3,11.03
car,Kotak,567,14.8,salaried,26.0,1,0.74,21.8,13.18
home,ICICI,543,12.8,self_employed,106.3,7,0.64,11.4,12.83
personal,Axis,753,5.6,self_employed,2.2,4,,24.4,15.32
home,ICICI,786,11.9,self_employed,128.2,13,0.57,40.1,11.18
car,ICICI,646,48.1,salaried,7.1,3,0.84,23.3,12.93
personal,SBI,776,25.7,salaried,5.0,4,,54.0,15.65
home,SBI,799,46.9,business,189.1,10,0.7,20.1,10.98
education,SBI,804,18.4,self_employed,13.5,8,,25.7,9.85
car,Axis,701,48.0,salaried,39.2,6,0.86,59.6,13.33
education,SBI,868,32.2,salaried,33.6,9,,33.7,9.7
car,Axis,754,13.3,self_employed,23.0,1,0.56,41.3,10.76
home,Axis,782,10.1,salaried,164.3,7,0.58,55.9,11.86
home,HDFC,677,22.8,salaried,115.0,8,0.88,2.4,12.09
home,Axis,649,23.6,self_employed,12.7,18,0.85,40.8,13.09
personal,SBI,598,4.0,salaried,9.1,4,,7.3,17.44
education,HDFC,787,24.1,self_employed,23.2,11,,50.3,11.5
car,HDFC,719,34.6,salaried,5.0,1,0.56,56.9,11.45
personal,ICICI,603,24.8,salaried,11.1,6,,25.1,16.69
home,ICICI,734,9.0,salaried,101.4,12,0.56,25.1,10.88
education,Axis,624,35.6,salaried,22.0,4,,57.2,13.37
car,ICICI,696,24.6,salaried,8.5,1,0.53,18.6,11.4
personal,ICICI,708,24.9,business,4.7,7,,24.7,16.38
car,Kotak,790,25.7,self_employed,15.0,6,0.83,22.7,11.38
education,SBI,717,26.4,business,31.5,7,,35.9,11.61
personal,Axis,742,36.3,salaried,20.9,5,,40.7,15.87
education,SBI,585,7.9,business,4.8,15,,26.7,13.38
car,Kotak,652,18.6,business,16.5,6,0.74,6.4,12.43
personal,Axis,628,48.4,salaried,3.0,6,,36.7,17.09
car,Axis,790,17.3,salaried,22.4,6,0.6,12.3,9.8
home,SBI,679,31.4,business,132.0,30,0.87,32.5,13.11
personal,Axis,603,28.3,salaried,9.6,5,,12.0,16.83
personal,Kotak,762,19.2,self_employed,17.8,3,,53.8,16.66
education,Kotak,639,15.8,business,25.0,2,,19.5,12.74
home,ICICI,663,41.0,salaried,199.4,10,0.88,23.3,13.01
car,Axis,639,44.4,salaried,30.9,5,0.57,48.0,12.69
car,HDFC,712,48.5,salaried,37.1,3,0.87,32.8,11.57
home,HDFC,787,12.8,self_employed,38.9,12,0.6,33.8,9.83
home,HDFC,726,26.5,salaried,146.6,19,0.78,7.8,11.12
personal,ICICI,660,45.1,self_employed,15.9,2,,6.4,16.31
home,SBI,702,17.7,salaried,181.0,13,0.56,44.2,11.05
personal,SBI,735,10.1,self_employed,4.1,7,,34.0,15.46
personal,HDFC,764,10.9,self_employed,15.6,4,,20.5,14.82
home,HDFC,702,12.1,salaried,136.9,5,0.82,10.6,11.42
home,SBI,607,41.3,business,50.6,25,0.51,55.3,12.96
personal,SBI,694,34.4,salaried,17.5,7,,57.4,17.03
car,ICICI,759,40.8,salaried,27.3,2,0.7,36.9,10.65
home,Axis,579,31.5,self_employed,193.8,28,0.7,27.5,13.02
personal,ICICI,677,45.6,self_employed,8.3,3,,16.2,16.84
car,Kotak,705,48.1,self_employed,34.2,1,0.7,0.7,11.3
car,ICICI,728,3.2,business,14.7,5,0.59,51.6,13.61
car,Axis,629,36.5,business,33.7,1,0.77,16.8,13.5
personal,SBI,557,35.6,salaried,10.9,1,,24.6,17.23
education,Axis,644,43.5,salaried,30.9,15,,33.6,11.88
education,Axis,681,38.6,business,35.7,12,,15.8,12.03
education,SBI,640,5.2,salaried,13.7,6,,24.5,11.88
personal,SBI,696,18.1,salaried,20.3,3,,37.0,16.07
home,SBI,686,32.3,self_employed,115.4,28,0.66,19.6,11.43
education,Axis,736,34.8,business,33.4,11,,17.8,11.24
personal,SBI,754,28.2,self_employed,12.2,4,,35.6,15.34
home,ICICI,699,18.1,salaried,135.0,19,0.81,15.6,12.51
personal,ICICI,726,23.3,salaried,14.2,6,,40.1,15.84
car,ICICI,661,29.4,salaried,13.2,7,0.56,21.4,11.18
car,HDFC,701,39.1,self_employed,9.3,2,0.66,57.1,12.74
education,ICICI,690,21.2,business,33.6,10,,31.5,12.14
personal,Axis,697,36.9,salaried,23.1,3,,24.1,16.49
car,ICICI,697,32.2,self_employed,5.3,7,0.83,55.6,14.0
personal,HDFC,678,39.6,self_employed,10.8,1,,59.8,17.79
car,Kotak,610,32.2,salaried,11.3,7,0.68,49.4,13.21
car,Kotak,791,23.2,salaried,38.2,6,0.55,16.2,10.11
car,ICICI,580,32.6,salaried,20.0,6,0.77,10.3,13.37
personal,SBI,819,34.9,salaried,4.2,2,,22.5,14.52
car,HDFC,693,22.6,salaried,28.1,2,0.69,12.8,11.47
personal,ICICI,640,48.6,salaried,16.2,6,,51.8,18.07
home,HDFC,725,47.9,salaried,162.0,17,0.63,20.1,10.41
car,HDFC,764,19.5,self_employed,39.4,3,0.68,59.4,12.02
education,HDFC,745,32.4,self_employed,1.8,14,,41.6,11.27
car,Axis,787,21.8,salaried,5.4,7,0.56,22.1,10.07
personal,HDFC,569,21.3,salaried,9.0,7,,1.2,17.41
education,Kotak,695,47.0,business,36.2,14,,41.1,13.13
car,Axis,717,4.3,business,35.3,4,0.56,9.3,12.26
car,Kotak,672,48.7,salaried,13.8,6,0.57,2.6,11.35
home,SBI,608,11.4,salaried,84.7,16,0.71,37.5,13.02
personal,Axis,900,30.6,salaried,17.0,4,,7.5,14.04
personal,Kotak,682,45.6,salaried,22.7,5,,29.8,16.56
personal,Kotak,730,42.7,salaried,19.0,4,,17.6,15.2
education,HDFC,685,13.5,salaried,33.3,7,,31.9,11.6
education,Axis,724,16.8,self_employed,35.7,8,,13.0,11.3
car,Axis,786,29.0,salaried,34.5,4,0.54,47.8,10.13
car,Axis,650,19.1,self_employed,31.6,4,0.69,45.3,12.6
car,SBI,690,29.8,business,29.5,6,0.81,54.6,14.06
home,SBI,638,4.9,salaried,102.6,11,0.75,26.7,13.01
education,SBI,629,37.6,salaried,23.3,11,,19.6,11.13
car,Kotak,719,50.0,self_employed,35.8,2,0.72,49.5,11.9
personal,Kotak,703,25.5,salaried,1.2,3,,20.8,15.7
personal,Kotak,638,32.7,business,12.7,1,,13.8,17.49
home,ICICI,848,13.2,self_employed,187.4,10,0.6,23.1,10.58
car,Kotak,703,24.0,self_employed,12.0,7,0.51,36.4,11.64
car,SBI,600,9.4,salaried,31.6,1,0.65,23.9,12.07
car,Axis,696,41.3,business,18.4,1,0.61,51.0,13.43
personal,Axis,713,26.9,salaried,11.8,2,,48.1,15.57
personal,SBI,565,16.7,salaried,12.2,6,,59.6,18.37
personal,HDFC,735,32.9,salaried,24.6,2,,18.6,15.24
home,SBI,589,5.8,salaried,144.6,26,0.72,27.3,13.1
education,ICICI,550,19.1,business,21.4,13,,12.4,13.76
education,SBI,683,49.6,self_employed,16.8,14,,6.9,11.35
home,Kotak,632,11.5,salaried,155.3,16,0.77,31.2,12.97
home,Kotak,795,29.0,salaried,81.7,5,0.7,15.1,10.05
home,Kotak,678,6.4,salaried,179.9,26,0.58,55.4,12.95
education,Kotak,789,42.1,self_employed,24.0,4,,38.1,11.12
car,SBI,675,19.7,self_employed,11.5,2,0.59,36.0,12.05
personal,HDFC,791,40.0,salaried,18.3,4,,49.0,15.23
car,ICICI,767,25.3,business,14.8,5,0.54,47.1,11.27
home,SBI,760,17.8,business,32.4,15,0.75,45.8,10.93
personal,Axis,641,30.7,salaried,16.4,3,,42.9,17.47
personal,ICICI,722,47.0,salaried,18.6,1,,57.5,16.36
home,Kotak,635,6.8,self_employed,83.0,13,0.77,34.7,13.07
education,SBI,597,34.8,salaried,30.5,14,,27.9,12.48
education,Kotak,778,2.8,self_employed,5.8,6,,59.5,12.43
personal,ICICI,797,23.2,self_employed,10.1,4,,55.2,16.49
education,HDFC,592,14.0,salaried,30.3,11,,37.5,13.47
home,Axis,527,28.1,salaried,189.8,9,0.7,38.4,13.02
home,Axis,591,20.1,salaried,126.2,30,0.83,15.2,12.9
personal,Kotak,865,12.2,business,23.4,2,,35.0,16.32
home,Axis,597,48.2,self_employed,45.2,21,0.72,45.4,12.91
education,ICICI,657,22.1,self_employed,17.3,10,,50.7,13.16
home,SBI,495,45.5,self_employed,152.4,8,0.8,43.0,13.06
car,HDFC,686,2.6,salaried,33.1,7,0.65,44.7,13.07
personal,ICICI,684,40.5,self_employed,12.9,2,,9.2,16.33
personal,Kotak,900,41.7,self_employed,8.5,2,,25.9,15.28
personal,ICICI,714,42.1,salaried,17.0,4,,44.1,15.96
car,Kotak,720,4.1,salaried,12.9,7,0.51,11.5,10.83
home,SBI,707,26.6,business,124.7,22,0.86,47.8,12.86
home,Axis,615,13.6,business,150.9,23,0.56,4.9,12.9
personal,Kotak,780,33.0,salaried,6.2,2,,3.1,14.92
home,HDFC,711,19.4,salaried,48.5,15,0.58,24.7,9.98
education,Kotak,747,8.7,salaried,7.9,15,,0.9,10.82
personal,Axis,589,31.1,salaried,24.6,7,,56.2,18.97
home,SBI,735,26.0,self_employed,144.5,15,0.82,50.1,12.88
home,ICICI,630,47.1,salaried,47.0,14,0.82,5.2,12.27
personal,Axis,788,8.1,salaried,19.5,5,,51.6,15.95
education,HDFC,743,38.6,salaried,23.3,4,,0.8,10.25
personal,Axis,658,38.3,self_employed,5.0,2,,13.5,16.13
education,ICICI,748,37.0,salaried,13.0,13,,9.6,10.71
personal,Kotak,747,47.4,salaried,3.0,6,,17.6,14.92
home,Kotak,703,26.7,self_employed,129.4,7,0.51,19.5,10.9
car,HDFC,650,11.1,salaried,21.8,2,0.6,13.6,11.02
education,HDFC,742,2.2,self_employed,32.9,3,,42.5,12.73
personal,Kotak,644,4.0,salaried,15.9,4,,10.3,17.4
home,ICICI,735,26.1,business,24.9,24,0.8,9.8,11.35
home,ICICI,603,25.9,business,84.7,9,0.87,20.5,12.98
personal,ICICI,824,45.4,self_employed,4.5,2,,14.7,15.23
personal,ICICI,771,9.3,self_employed,5.3,2,,11.2,14.96
personal,ICICI,720,26.4,salaried,14.5,3,,58.6,16.35
car,Axis,653,11.0,salaried,28.6,7,0.66,43.6,12.31
education,Axis,681,29.6,salaried,5.6,12,,55.8,12.53
education,ICICI,703,13.2,salaried,19.0,8,,12.5,10.21
personal,HDFC,755,17.2,salaried,9.2,7,,11.6,14.17
education,Kotak,609,2.0,self_employed,11.5,1,,54.2,14.4
education,SBI,657,12.1,salaried,3.2,10,,52.0,12.39
home,Kotak,656,28.0,business,89.0,30,0.82,1.3,12.69
car,HDFC,809,45.5,self_employed,36.7,6,0.73,7.2,9.89
home,Kotak,871,40.3,business,142.3,27,0.52,42.4,11.32
home,HDFC,829,27.3,business,156.3,29,0.84,36.6,12.27
personal,Axis,577,25.8,salaried,14.1,1,,20.1,17.83
home,Kotak,620,41.4,business,62.8,18,0.67,31.2,12.91
education,ICICI,802,33.1,self_employed,37.4,6,,39.0,10.97
personal,Axis,782,4.7,business,3.6,7,,50.8,16.81
home,Axis,723,10.9,self_employed,193.3,14,0.77,43.7,12.98
education,Axis,787,48.5,salaried,10.1,15,,43.3,10.7
personal,SBI,646,17.3,salaried,10.9,4,,48.6,17.42
car,ICICI,675,26.5,self_employed,37.5,6,0.52,50.6,13.38
home,ICICI,590,45.4,salaried,30.9,17,0.63,30.3,12.19
car,SBI,634,5.5,self_employed,24.7,2,0.52,21.4,12.77
car,ICICI,735,45.3,business,14.5,2,0.51,38.4,11.97
home,Kotak,793,32.4,salaried,141.1,21,0.64,55.4,11.49
car,Kotak,900,11.1,salaried,15.9,7,0.53,17.0,10.03
car,HDFC,491,10.8,salaried,25.6,7,0.67,35.1,13.87
home,Axis,668,30.6,salaried,81.3,7,0.81,33.3,12.2
personal,HDFC,805,30.8,self_employed,9.5,2,,49.0,15.5
car,HDFC,779,32.6,salaried,30.3,3,0.61,47.7,10.47
home,HDFC,606,37.4,salaried,22.7,5,0.64,48.1,11.88
education,ICICI,603,27.4,self_employed,6.3,3,,13.3,12.55
education,SBI,626,12.8,self_employed,28.7,2,,16.5,12.52
car,Kotak,812,31.4,business,28.4,4,0.68,51.9,12.21
education,Kotak,735,35.4,salaried,17.1,15,,54.4,12.23
education,ICICI,770,10.6,salaried,29.8,1,,9.7,9.96
car,Axis,737,24.4,self_employed,18.0,4,0.51,3.1,10.74
car,Axis,754,44.4,self_employed,13.3,6,0.74,0.8,10.05
education,HDFC,618,6.7,self_employed,8.1,3,,42.6,13.2
personal,HDFC,673,18.4,self_employed,18.0,6,,58.6,17.66
car,HDFC,634,30.7,salaried,9.3,5,0.82,51.1,13.83
personal,Kotak,792,14.6,salaried,11.0,4,,44.6,15.04
personal,ICICI,758,21.2,self_employed,10.4,4,,45.4,15.78
home,ICICI,716,6.7,salaried,39.1,21,0.64,19.3,10.82
home,SBI,616,47.1,self_employed,75.7,27,0.83,43.5,12.81
education,SBI,612,45.1,self_employed,10.0,13,,42.9,12.54
education,ICICI,645,34.4,salaried,17.4,4,,57.2,13.2
education,Kotak,798,37.4,salaried,5.3,10,,40.6,10.67
home,Axis,572,6.7,salaried,114.1,11,0.71,12.4,12.97
home,Axis,637,32.0,salaried,143.9,7,0.71,46.3,13.07
car,SBI,680,18.2,salaried,7.2,5,0.68,2.6,11.08
personal,Axis,762,20.1,salaried,12.3,6,,54.0,15.86
personal,ICICI,763,37.8,business,2.8,4,,2.9,15.29
car,ICICI,693,32.4,salaried,4.4,2,0.74,7.0,11.35
personal,Axis,731,16.8,salaried,6.3,1,,15.2,15.01
education,SBI,625,17.2,salaried,6.3,7,,48.9,12.11
car,SBI,745,40.2,salaried,11.8,1,0.8,13.7,10.93
personal,HDFC,671,32.5,salaried,13.1,1,,30.9,16.11
education,HDFC,701,44.5,salaried,2.7,9,,53.9,11.72
car,ICICI,697,38.3,salaried,14.3,2,0.74,42.6,12.43
home,ICICI,721,35.5,salaried,162.6,18,0.54,10.1,10.7
personal,Axis,731,22.0,salaried,18.5,7,,36.9,16.29
education,ICICI,769,44.0,self_employed,14.6,9,,26.8,10.38
personal,HDFC,784,25.9,salaried,6.3,7,,7.4,13.96
home,SBI,660,17.3,salaried,165.3,20,0.5,39.3,11.89
car,Axis,621,8.6,self_employed,21.5,6,0.53,50.8,14.16
car,SBI,681,4.0,self_employed,18.3,5,0.68,45.5,12.82
personal,Axis,661,22.3,salaried,2.6,3,,19.1,16.0
home,Kotak,780,7.9,salaried,55.3,11,0.68,57.8,12.25
personal,ICICI,751,8.8,self_employed,13.5,4,,22.4,15.16
personal,Kotak,666,8.2,self_employed,20.5,4,,16.3,16.73
personal,SBI,720,24.8,self_employed,10.1,1,,47.7,15.92
car,SBI,773,27.7,business,17.8,7,0.63,26.6,10.22
home,ICICI,834,21.7,salaried,149.8,15,0.88,51.6,13.07
home,Kotak,663,27.9,salaried,47.3,17,0.71,58.3,12.64
personal,HDFC,695,25.1,salaried,23.1,5,,10.7,15.87
education,Axis,606,27.5,salaried,26.5,14,,0.6,11.83
car,Axis,760,47.8,salaried,14.1,6,0.85,5.4,10.92
personal,ICICI,856,39.8,salaried,17.7,7,,43.4,15.25
personal,Kotak,549,14.6,salaried,19.7,7,,48.0,18.56
personal,ICICI,726,36.1,self_employed,8.3,7,,18.1,15.22
car,Kotak,776,7.3,self_employed,29.4,2,0.77,21.5,11.53
personal,Kotak,697,11.9,salaried,11.9,5,,36.2,17.05
home,ICICI,572,27.5,salaried,161.9,22,0.76,0.3,13.11
education,Kotak,710,37.7,self_employed,16.4,1,,12.2,11.09
home,SBI,564,9.7,self_employed,45.7,14,0.76,40.2,12.98
education,Kotak,766,23.5,salaried,1.7,7,,44.9,10.78
home,Kotak,729,13.5,salaried,161.0,17,0.6,13.4,10.81
education,Kotak,567,26.7,salaried,15.7,12,,8.5,12.83
home,Axis,740,13.3,self_employed,37.7,12,0.77,11.7,11.59
personal,HDFC,789,33.7,business,14.5,7,,4.4,15.37
home,HDFC,689,27.0,salaried,197.8,26,0.57,21.7,11.69
home,Axis,646,22.2,business,67.9,7,0.85,46.2,12.86
personal,Axis,791,47.9,self_employed,7.1,5,,46.4,15.75
home,Kotak,622,26.0,salaried,165.9,11,0.81,22.8,13.0
personal,ICICI,724,22.1,business,4.3,3,,19.0,15.95
education,HDFC,808,25.0,salaried,22.3,15,,24.3,9.66
car,Axis,563,12.7,self_employed,16.7,6,0.74,1.6,13.58
car,SBI,734,10.6,self_employed,38.0,5,0.72,44.3,11.92
personal,SBI,723,2.3,business,17.8,3,,57.5,18.41
car,ICICI,739,27.6,business,13.9,7,0.7,35.6,12.58
personal,Kotak,631,15.1,salaried,13.7,2,,21.9,16.89
car,Kotak,675,29.8,salaried,14.1,4,0.73,56.0,13.19
personal,SBI,701,11.0,self_employed,8.7,2,,21.1,15.68
personal,HDFC,645,26.8,salaried,17.5,1,,58.1,18.28
home,Kotak,692,44.3,salaried,149.8,29,0.66,40.1,12.43
education,SBI,612,49.2,business,1.4,9,,13.0,12.65
car,Kotak,761,11.7,salaried,37.5,2,0.5,34.9,10.18
personal,SBI,575,8.5,salaried,22.4,1,,4.6,17.1
personal,HDFC,698,21.6,self_employed,24.2,3,,1.2,15.92
car,Axis,657,17.6,salaried,16.8,6,0.5,0.1,11.27
home,SBI,724,45.9,salaried,167.9,19,0.86,41.9,12.01
education,HDFC,614,47.2,business,19.0,14,,5.2,12.78
car,Axis,716,12.1,salaried,5.8,2,0.66,5.9,10.99
education,SBI,739,5.8,salaried,22.3,2,,12.0,10.18
home,SBI,630,23.5,salaried,195.6,10,0.84,51.6,13.07
car,SBI,571,7.4,salaried,24.0,3,0.82,0.8,13.51
education,Axis,653,23.3,salaried,20.3,13,,39.0,12.05
personal,Kotak,642,13.0,self_employed,23.7,7,,43.9,17.78
education,Kotak,710,2.5,business,33.0,7,,36.1,13.54
personal,Kotak,743,49.5,salaried,20.7,7,,10.6,15.33
home,ICICI,750,27.8,salaried,64.4,27,0.81,7.1,9.99
car,HDFC,753,45.4,salaried,17.5,3,0.52,5.0,9.56
personal,Axis,819,16.8,salaried,21.5,3,,34.2,14.86
personal,Axis,787,28.0,business,12.3,6,,3.2,15.27
personal,ICICI,615,22.3,salaried,24.7,4,,39.4,17.2
home,Kotak,752,21.8,salaried,180.3,26,0.84,23.3,11.54
personal,HDFC,843,14.4,self_employed,11.4,7,,48.8,15.45
personal,ICICI,623,42.3,business,9.2,7,,31.1,18.07
education,ICICI,632,13.3,salaried,21.9,9,,32.6,12.11
car,ICICI,709,42.6,business,39.6,6,0.81,19.8,12.33
car,SBI,779,34.7,self_employed,33.0,6,0.82,11.4,10.58
education,SBI,642,22.4,self_employed,12.7,1,,3.5,11.75
car,SBI,683,32.5,salaried,27.1,4,0.87,48.0,12.83
car,HDFC,785,7.2,salaried,18.4,4,0.84,42.4,11.39
car,ICICI,585,19.3,self_employed,12.6,7,0.72,28.1,13.72
personal,Kotak,787,27.5,salaried,10.7,7,,14.5,15.01
car,Axis,645,21.5,salaried,10.1,5,0.69,58.3,13.68
personal,ICICI,653,29.2,salaried,11.0,1,,12.6,16.28
education,Axis,741,4.2,salaried,25.0,5,,5.7,10.72
car,ICICI,634,34.8,self_employed,3.0,2,0.76,10.0,13.22
education,Axis,682,31.4,salaried,15.2,8,,51.8,12.47
home,ICICI,772,46.2,salaried,88.3,25,0.89,1.3,10.87
education,Kotak,787,7.9,self_employed,17.6,2,,35.0,11.52
home,ICICI,772,41.8,business,155.5,5,0.59,36.4,11.18
car,SBI,675,21.4,self_employed,4.9,2,0.54,12.3,10.92
education,SBI,818,33.7,salaried,19.5,13,,0.1,9.08
personal,Axis,675,16.3,self_employed,18.5,7,,53.9,17.55
personal,HDFC,668,32.6,self_employed,12.9,4,,36.4,17.09
personal,Axis,648,31.8,salaried,9.1,2,,12.9,16.41
car,ICICI,676,10.6,salaried,15.3,2,0.72,3.2,11.32
car,Kotak,716,37.2,self_employed,22.2,1,0.61,45.3,11.92
personal,HDFC,821,31.7,self_employed,15.8,4,,55.0,16.28
personal,Axis,820,19.3,self_employed,21.5,7,,54.1,16.07
education,SBI,694,12.3,salaried,20.2,7,,51.2,12.03
home,SBI,642,42.6,self_employed,123.6,27,0.62,2.5,11.65
home,Kotak,724,24.5,business,50.3,17,0.51,10.4,11.15
education,ICICI,539,45.6,salaried,8.3,15,,30.5,13.09
car,SBI,716,18.8,salaried,29.3,1,0.85,56.7,13.03
car,Axis,832,21.0,business,35.6,2,0.86,37.2,12.89
home,Axis,685,13.5,self_employed,108.1,12,0.66,51.8,13.04
personal,ICICI,681,48.9,salaried,9.0,3,,11.9,16.36
home,Kotak,728,34.1,business,114.9,10,0.75,40.2,12.62
education,SBI,666,17.9,self_employed,1.9,13,,41.5,12.14
education,ICICI,517,43.3,business,38.8,13,,20.2,13.95
education,Axis,768,8.3,salaried,27.9,4,,39.1,11.01
car,Axis,840,10.1,self_employed,13.3,5,0.74,58.4,12.35
personal,HDFC,692,42.1,salaried,23.0,1,,10.1,15.61
car,Axis,647,10.0,salaried,35.0,3,0.81,50.8,13.8
home,Kotak,688,24.9,salaried,165.1,26,0.73,1.9,11.92
education,SBI,751,24.5,self_employed,13.6,15,,58.7,11.23
home,SBI,746,47.6,self_employed,59.2,10,0.62,25.8,10.27
home,ICICI,688,42.1,salaried,60.3,30,0.72,30.6,11.18
education,Axis,599,8.2,salaried,36.5,1,,24.4,13.22
personal,ICICI,768,33.3,salaried,20.0,3,,17.3,14.77
home,Axis,637,43.4,self_employed,121.9,17,0.66,51.2,13.08
home,Axis,686,45.7,business,15.7,28,0.52,57.4,12.96
home,Kotak,654,26.9,salaried,49.5,9,0.72,1.1,11.14
home,Kotak,591,2.6,self_employed,197.7,16,0.87,27.8,12.88
home,HDFC,603,2.9,salaried,147.5,10,0.53,58.3,13.06
education,HDFC,687,2.3,self_employed,9.0,10,,29.1,12.24
education,Kotak,680,27.3,self_employed,12.0,6,,54.9,13.16
home,Axis,715,48.5,salaried,142.6,6,0.78,11.0,10.87
car,Kotak,663,47.1,salaried,7.2,3,0.55,31.5,11.44
personal,ICICI,625,13.5,self_employed,22.9,3,,29.7,17.17
personal,Kotak,764,47.0,self_employed,11.6,2,,27.6,15.31
personal,HDFC,704,26.8,salaried,17.6,2,,45.7,15.93
car,SBI,786,13.0,business,16.4,7,0.6,27.4,10.68
education,ICICI,653,11.2,self_employed,4.1,7,,2.4,11.83
car,SBI,675,44.4,self_employed,13.2,7,0.75,6.1,12.04
car,Kotak,683,46.8,self_employed,21.7,7,0.83,12.2,12.27
home,Kotak,565,23.7,salaried,192.3,22,0.81,40.0,13.13
education,ICICI,588,35.0,self_employed,19.1,5,,5.3,12.9
personal,HDFC,703,28.6,self_employed,8.1,6,,7.4,15.37
personal,Kotak,638,32.2,self_employed,3.4,5,,23.7,17.76
personal,ICICI,614,12.1,self_employed,20.2,2,,13.9,17.14
personal,HDFC,613,17.9,self_employed,2.1,7,,11.7,17.27
education,ICICI,700,17.1,business,11.3,9,,53.8,13.12
education,HDFC,715,43.7,salaried,27.7,8,,28.4,10.77
personal,SBI,717,5.6,salaried,4.7,7,,47.3,15.65
education,Kotak,715,28.5,salaried,18.5,7,,8.5,10.57
home,Kotak,636,20.6,self_employed,177.8,25,0.76,54.5,12.96
personal,HDFC,717,47.7,salaried,15.0,3,,24.0,15.26
education,Kotak,735,18.2,self_employed,29.6,5,,20.1,11.36
personal,Kotak,566,23.3,salaried,7.5,6,,17.1,17.51
car,SBI,677,8.6,business,21.0,1,0.87,3.2,13.31
home,Axis,610,43.7,salaried,153.4,10,0.72,20.9,12.37
car,SBI,767,45.0,self_employed,22.2,3,0.57,32.8,10.4
education,ICICI,688,42.0,salaried,29.8,5,,26.0,11.06
home,Axis,740,8.5,business,89.9,15,0.64,53.2,12.68
car,SBI,737,37.9,salaried,37.0,2,0.85,8.4,11.18
education,Axis,769,16.7,self_employed,14.3,3,,39.1,10.68
car,HDFC,596,46.6,salaried,30.5,4,0.67,0.3,12.43
home,SBI,684,2.6,self_employed,100.7,10,0.76,20.0,12.72
home,ICICI,850,24.1,self_employed,32.1,10,0.6,3.8,9.78
car,ICICI,660,13.9,self_employed,8.6,6,0.74,20.9,12.19
car,ICICI,695,41.8,salaried,34.4,4,0.85,30.9,12.99
education,Kotak,826,39.5,salaried,33.1,1,,57.4,11.45
personal,Axis,694,41.3,self_employed,23.4,4,,56.9,18.17
personal,SBI,759,38.8,self_employed,11.3,7,,13.3,14.66
car,ICICI,774,16.9,self_employed,11.0,7,0.6,30.7,10.51
car,Axis,796,22.9,business,5.1,1,0.62,51.7,12.41
education,SBI,654,27.2,salaried,31.8,1,,9.7,10.82
home,SBI,693,13.7,salaried,130.9,25,0.62,55.9,12.56
education,SBI,643,32.1,self_employed,36.7,1,,37.6,12.78
home,HDFC,643,23.2,self_employed,174.2,20,0.79,34.0,12.86
personal,Kotak,753,47.8,salaried,3.4,1,,30.9,14.72
home,Axis,615,12.5,self_employed,55.6,12,0.53,42.0,13.02
education,SBI,685,48.9,self_employed,1.6,1,,9.8,11.12
car,Kotak,636,8.9,self_employed,14.2,3,0.56,29.8,12.84
personal,HDFC,774,33.1,business,22.0,7,,24.7,15.46
car,ICICI,715,40.0,salaried,33.3,6,0.78,56.5,12.4
education,ICICI,764,45.8,salaried,11.3,9,,28.2,9.92
education,HDFC,825,5.8,salaried,38.3,10,,58.3,12.02
education,Axis,786,7.5,salaried,39.9,11,,59.7,11.57
car,SBI,647,47.8,salaried,25.9,5,0.54,33.5,11.48
education,Axis,785,40.5,self_employed,11.8,2,,49.0,11.13
car,Axis,837,37.1,business,31.6,7,0.74,30.2,11.1
personal,Axis,715,15.9,salaried,11.5,2,,46.0,16.01
personal,ICICI,604,29.1,business,9.6,2,,29.7,17.97
car,Kotak,665,3.6,self_employed,39.6,5,0.83,35.4,13.96
home,ICICI,750,2.8,self_employed,161.3,27,0.54,38.2,11.11
car,HDFC,700,29.2,salaried,11.2,4,0.87,43.5,12.67
car,HDFC,710,6.1,salaried,23.0,4,0.5,10.0,10.73
car,HDFC,852,35.7,self_employed,32.4,6,0.87,10.9,11.83
education,Kotak,622,2.2,salaried,7.1,14,,21.0,12.63
education,Axis,717,23.5,self_employed,13.0,1,,20.9,11.13
home,HDFC,806,11.7,self_employed,65.3,22,0.61,22.3,10.18
home,SBI,630,14.3,self_employed,58.7,30,0.71,34.5,12.49
education,Kotak,612,46.1,self_employed,8.8,4,,50.8,14.06
education,SBI,634,36.4,business,12.5,10,,51.3,14.24
car,Kotak,717,34.7,self_employed,35.5,7,0.88,30.7,12.58
car,HDFC,745,3.6,self_employed,8.3,3,0.87,27.8,12.71
education,HDFC,624,2.4,business,12.1,6,,43.3,14.1
education,Axis,661,48.9,salaried,4.1,6,,6.1,11.11
education,HDFC,650,40.5,salaried,3.1,6,,32.7,10.94
home,SBI,866,17.1,salaried,66.4,30,0.77,41.3,10.8
personal,Axis,766,25.4,salaried,2.5,7,,37.6,15.0
personal,HDFC,872,28.1,salaried,16.9,4,,35.3,14.81
personal,Axis,706,14.6,salaried,24.0,2,,35.6,15.64
home,ICICI,720,42.6,salaried,111.5,19,0.82,45.2,11.59
car,Kotak,646,18.9,salaried,39.7,6,0.77,7.2,13.28
car,HDFC,807,36.4,self_employed,29.8,7,0.89,0.9,11.55
education,ICICI,672,17.8,salaried,14.5,8,,33.8,11.52
education,HDFC,727,12.6,business,2.9,6,,39.5,11.96
home,ICICI,665,17.4,salaried,178.3,10,0.71,16.6,12.09
education,Kotak,822,9.4,salaried,34.7,10,,4.7,9.82
education,SBI,843,27.0,salaried,5.4,8,,0.0,8.95
education,ICICI,653,32.4,self_employed,4.3,3,,14.8,11.84
home,Kotak,735,44.2,salaried,89.5,28,0.57,16.0,9.93
personal,SBI,652,19.0,salaried,10.5,7,,27.9,15.77
home,SBI,661,47.6,business,24.8,5,0.5,57.3,12.43
car,Axis,761,6.8,salaried,19.3,3,0.89,47.6,11.97
personal,HDFC,732,35.4,business,13.5,7,,29.6,16.27
personal,Axis,724,44.9,self_employed,9.1,6,,42.9,16.65
home,Axis,703,35.6,self_employed,13.8,25,0.6,7.9,10.62
home,Kotak,874,14.2,business,44.6,15,0.59,29.0,10.77
home,Kotak,684,27.2,salaried,116.8,11,0.55,30.7,11.3
education,SBI,695,17.7,self_employed,20.8,13,,52.0,12.61
home,SBI,762,9.4,salaried,34.3,6,0.82,3.0,9.78
education,Axis,728,22.0,self_employed,27.6,13,,20.6,11.02
home,HDFC,673,26.8,self_employed,127.3,13,0.72,14.2,11.54
personal,Kotak,605,3.5,salaried,14.6,7,,46.1,18.27
personal,ICICI,680,23.0,salaried,9.6,7,,26.7,16.17
education,SBI,874,23.4,salaried,18.7,3,,53.2,11.0
home,SBI,579,30.4,salaried,191.0,21,0.5,34.2,12.94
education,HDFC,756,8.7,salaried,11.4,10,,49.4,10.37
personal,HDFC,773,4.7,self_employed,20.5,7,,48.6,15.76
education,HDFC,778,39.3,salaried,10.3,14,,41.3,10.25
education,SBI,654,10.4,self_employed,1.5,12,,56.7,12.7
personal,Kotak,689,19.3,self_employed,11.3,6,,52.0,18.04
home,HDFC,691,36.7,salaried,80.5,25,0.86,30.9,12.11
home,HDFC,759,42.5,self_employed,30.1,19,0.8,37.6,11.1
education,Axis,636,45.4,self_employed,31.1,11,,5.6,12.66
personal,Axis,760,47.7,salaried,14.2,7,,52.5,16.16
home,HDFC,900,39.5,salaried,53.1,17,0.66,36.4,10.02
personal,Kotak,677,6.0,self_employed,2.8,7,,19.8,16.41
education,Axis,728,19.4,salaried,29.6,13,,32.2,10.9
education,HDFC,674,8.7,salaried,39.9,2,,59.4,12.98
home,HDFC,614,22.3,self_employed,143.1,25,0.73,38.2,12.92
personal,Axis,635,2.3,self_employed,1.2,6,,10.2,17.07
personal,ICICI,730,49.1,self_employed,2.8,5,,23.1,15.83
car,HDFC,748,14.4,salaried,3.1,2,0.71,1.2,10.71
personal,ICICI,657,10.7,salaried,18.6,5,,30.3,15.91
personal,Axis,631,41.4,salaried,18.5,2,,30.7,16.91
home,Axis,693,49.8,salaried,18.8,26,0.76,40.4,12.38
home,Axis,709,32.4,salaried,23.6,21,0.72,30.0,10.27
car,Kotak,776,30.6,self_employed,32.8,2,0.51,42.5,11.4
education,SBI,721,34.6,salaried,39.4,2,,0.5,9.77
education,Axis,669,2.0,salaried,31.9,1,,32.1,12.16
education,Axis,654,14.6,self_employed,23.5,6,,27.2,11.73
personal,HDFC,790,42.0,salaried,16.3,5,,57.1,16.02
education,SBI,751,7.8,salaried,14.8,11,,32.9,9.62
car,Axis,771,37.6,self_employed,29.1,6,0.6,59.0,11.58
home,Kotak,789,13.5,self_employed,98.5,7,0.77,56.8,12.73
education,Kotak,739,43.9,business,13.1,1,,55.4,12.83
personal,SBI,834,20.9,self_employed,17.3,5,,44.0,15.58
home,Kotak,737,17.5,self_employed,136.7,13,0.65,55.1,13.17
personal,ICICI,705,16.9,salaried,11.8,1,,13.6,15.5
personal,Axis,581,8.9,self_employed,24.3,6,,22.6,18.36
personal,SBI,653,39.6,salaried,11.0,2,,3.2,15.38
education,Kotak,687,25.2,salaried,24.3,6,,9.5,11.28
home,Kotak,690,36.8,self_employed,15.5,13,0.62,21.8,11.53
education,Kotak,652,20.1,salaried,28.6,7,,8.6,11.28
personal,SBI,621,10.8,salaried,13.9,7,,54.5,17.5
personal,SBI,706,44.0,salaried,19.5,5,,10.6,14.64
car,Axis,673,44.2,self_employed,29.1,3,0.81,8.9,12.36
home,Kotak,789,11.0,salaried,190.8,16,0.52,42.2,11.06
education,SBI,539,2.1,salaried,28.7,12,,57.4,14.69
car,Axis,690,9.2,business,32.5,1,0.87,14.1,14.03
education,ICICI,758,5.7,salaried,18.7,10,,43.7,10.9
car,SBI,753,10.5,salaried,17.9,2,0.67,39.0,10.42
home,Axis,526,44.8,self_employed,160.6,29,0.63,9.9,13.03
education,Axis,617,9.2,salaried,4.2,3,,47.7,12.98
home,SBI,807,42.8,salaried,24.8,29,0.75,42.4,10.22
car,HDFC,644,26.3,salaried,29.0,2,0.69,56.8,13.26
personal,Kotak,735,16.4,business,14.6,4,,13.5,16.37
personal,Kotak,855,21.5,salaried,3.3,2,,47.7,14.9
car,Kotak,787,45.0,self_employed,11.9,7,0.67,37.4,11.32
education,HDFC,710,16.4,self_employed,20.2,4,,49.0,11.23
personal,HDFC,804,6.9,salaried,11.1,7,,35.5,15.37
home,ICICI,781,14.2,salaried,105.3,24,0.68,7.6,10.26
home,ICICI,694,35.3,self_employed,53.4,12,0.62,51.7,12.43
education,SBI,735,20.7,salaried,38.0,4,,41.6,10.7
personal,SBI,682,17.3,business,24.0,2,,17.7,16.21
car,ICICI,681,40.4,self_employed,8.7,5,0.79,16.4,12.08
personal,SBI,772,13.6,salaried,2.8,4,,50.6,15.32
education,SBI,759,44.6,self_employed,6.5,4,,26.3,9.8
car,HDFC,581,3.0,business,3.9,1,0.63,29.8,13.52
personal,ICICI,544,2.4,salaried,17.0,5,,15.0,17.99
car,ICICI,568,21.7,salaried,29.3,1,0.69,15.6,12.5
car,Kotak,628,41.0,salaried,37.3,3,0.89,38.0,14.04
car,SBI,746,30.0,salaried,12.8,6,0.53,21.4,10.2
education,SBI,710,19.6,self_employed,15.2,6,,48.6,11.09
education,ICICI,662,3.8,salaried,35.3,13,,31.4,12.22
education,Kotak,845,10.2,salaried,18.8,12,,40.4,10.56
car,Axis,671,32.8,salaried,3.0,2,0.78,14.9,11.7
education,Kotak,747,34.0,self_employed,36.1,14,,24.7,11.13
home,Axis,766,48.1,self_employed,42.3,11,0.75,24.7,10.69
car,SBI,752,27.0,salaried,11.6,3,0.68,6.4,9.16
education,HDFC,761,41.3,self_employed,18.8,4,,6.1,9.84
car,SBI,575,7.7,self_employed,34.5,1,0.61,37.3,13.8
car,SBI,623,4.7,salaried,5.1,1,0.77,12.2,12.57
personal,SBI,643,5.6,salaried,8.1,5,,22.6,16.63
education,Kotak,760,48.6,salaried,32.8,12,,23.4,10.12
education,Axis,624,21.2,salaried,16.8,6,,8.5,11.64
home,ICICI,758,45.8,self_employed,119.8,22,0.6,54.3,11.36
car,ICICI,761,37.4,salaried,3.8,3,0.63,7.0,9.28
car,HDFC,730,24.8,self_employed,30.5,6,0.6,36.7,11.21
car,ICICI,553,42.9,salaried,9.7,5,0.85,4.5,14.09
education,SBI,793,30.8,salaried,34.5,8,,59.9,10.67
education,HDFC,739,35.1,salaried,31.9,11,,44.7,11.12
car,Axis,735,11.9,self_employed,8.3,2,0.52,18.2,11.06
education,HDFC,728,25.9,salaried,9.2,6,,25.4,10.64
home,HDFC,622,7.1,salaried,193.2,14,0.54,8.3,12.06
home,Axis,654,4.3,self_employed,127.8,17,0.81,38.8,12.8
car,Axis,595,34.7,salaried,28.7,4,0.84,1.5,13.23
education,Kotak,708,43.0,self_employed,33.6,11,,11.1,10.91
car,ICICI,693,6.4,salaried,36.1,1,0.82,43.4,13.19
home,SBI,705,40.2,salaried,178.9,27,0.78,44.4,11.2
education,HDFC,600,9.0,salaried,13.8,11,,44.9,12.62
personal,ICICI,761,24.8,self_employed,9.1,1,,20.5,15.1
education,Axis,676,19.6,business,13.1,1,,35.4,12.83
education,ICICI,810,7.5,self_employed,5.6,9,,52.2,11.92
personal,Axis,795,6.4,salaried,8.2,1,,57.2,16.24
education,HDFC,726,18.3,salaried,5.2,3,,14.7,10.55
car,SBI,742,49.0,self_employed,32.1,1,0.77,26.3,11.65
education,Kotak,805,47.8,salaried,13.8,6,,34.6,10.11
personal,HDFC,683,42.4,self_employed,24.9,1,,2.2,16.19
education,Axis,771,14.3,business,25.3,8,,5.9,10.45
home,Axis,751,15.0,salaried,176.6,10,0.62,16.1,10.13
home,SBI,720,12.3,salaried,46.0,30,0.52,22.0,9.89
car,Kotak,752,45.8,salaried,8.4,4,0.52,36.5,10.53
car,Kotak,770,18.7,salaried,31.1,5,0.53,30.3,9.96
education,Kotak,682,19.1,salaried,2.4,12,,59.8,12.83
car,Kotak,788,28.0,business,22.6,3,0.67,44.0,12.04
personal,ICICI,667,25.5,self_employed,4.8,2,,35.6,17.2
education,SBI,715,23.2,salaried,6.1,6,,32.2,10.43
personal,Kotak,807,35.1,self_employed,3.7,7,,20.2,15.41
personal,SBI,756,29.4,salaried,11.2,1,,43.0,14.65
personal,Axis,776,39.1,business,4.0,4,,31.6,15.51
home,ICICI,868,5.2,salaried,158.4,24,0.8,13.4,10.88
education,HDFC,765,6.9,self_employed,1.8,2,,12.8,10.0
home,HDFC,764,15.0,salaried,184.0,25,0.65,7.9,10.62
education,Kotak,672,21.3,salaried,9.6,5,,0.5,11.3
personal,HDFC,671,34.8,business,6.7,2,,2.2,16.74
education,ICICI,770,8.1,salaried,7.6,11,,6.3,9.87
personal,ICICI,715,13.7,salaried,9.1,6,,17.7,15.38
home,Kotak,696,43.9,salaried,60.6,18,0.7,31.3,11.43
personal,Kotak,685,32.9,salaried,22.4,5,,22.0,16.4
home,ICICI,727,16.9,self_employed,146.6,23,0.72,37.6,12.64
education,Axis,680,17.2,salaried,10.4,1,,40.0,11.94
personal,Kotak,589,28.6,salaried,3.3,1,,56.7,18.71
home,ICICI,675,4.7,salaried,30.3,8,0.59,52.4,13.1
home,SBI,814,47.5,self_employed,124.3,11,0.63,3.5,9.79
home,ICICI,814,25.3,self_employed,62.0,24,0.78,23.0,11.01
personal,ICICI,743,9.8,self_employed,12.0,3,,20.9,15.81
home,Kotak,580,42.2,self_employed,114.8,17,0.71,11.7,13.09
personal,Axis,737,49.7,self_employed,21.8,2,,43.9,16.28
car,ICICI,779,36.5,business,19.0,4,0.67,37.6,11.54
personal,Kotak,758,6.1,salaried,8.4,7,,17.1,14.47
home,HDFC,618,39.5,salaried,44.2,28,0.77,57.9,12.91
car,Axis,624,35.2,self_employed,16.6,1,0.67,27.6,13.19
car,HDFC,641,36.3,salaried,9.6,2,0.7,59.3,13.25
home,SBI,814,33.7,self_employed,164.8,22,0.86,29.1,11.26
personal,Axis,696,4.6,salaried,22.5,7,,42.6,17.12
home,HDFC,610,30.3,business,47.5,7,0.9,21.6,12.76
home,HDFC,673,27.3,salaried,11.0,22,0.55,28.6,10.64
education,Axis,724,49.2,salaried,33.2,5,,38.6,11.19
home,Axis,660,9.0,business,124.7,27,0.68,43.2,12.9
home,SBI,618,11.8,salaried,78.6,16,0.86,28.0,12.85
car,Axis,766,16.0,salaried,31.8,6,0.8,53.1,11.99
personal,ICICI,726,8.3,self_employed,24.8,6,,44.2,16.71
education,SBI,649,15.2,salaried,26.4,11,,18.7,11.11
home,HDFC,592,33.6,salaried,20.7,11,0.74,3.1,12.3
education,SBI,708,14.7,self_employed,6.5,9,,10.1,10.68
home,ICICI,563,18.5,salaried,49.9,6,0.84,5.9,13.04
personal,SBI,635,8.2,salaried,15.8,6,,32.4,16.32
education,Kotak,712,31.2,salaried,15.3,8,,43.1,11.45
car,Kotak,732,30.3,salaried,37.0,4,0.83,16.1,11.23
home,HDFC,713,20.1,self_employed,48.6,14,0.73,46.5,11.34
home,ICICI,770,12.9,self_employed,172.0,21,0.58,55.5,12.06
home,Kotak,760,5.1,self_employed,104.8,19,0.59,26.6,11.02
car,SBI,646,17.7,salaried,13.4,6,0.5,44.3,12.25
home,ICICI,709,17.7,salaried,131.6,6,0.82,18.5,11.9
personal,ICICI,670,9.6,salaried,15.8,2,,35.2,16.68
car,SBI,737,5.8,business,7.4,5,0.69,45.5,11.81
education,Axis,704,38.9,business,25.8,15,,33.9,11.51
personal,SBI,804,49.6,self_employed,16.5,5,,45.5,15.29
car,ICICI,710,48.0,salaried,13.1,5,0.53,50.2,12.01
home,Kotak,584,45.4,self_employed,26.2,13,0.7,33.4,12.94
car,ICICI,797,12.1,salaried,8.5,3,0.75,43.9,11.11
car,Kotak,751,30.2,salaried,21.7,2,0.69,35.6,11.16
personal,SBI,592,32.4,salaried,22.9,4,,35.0,18.06
car,SBI,538,13.6,salaried,17.7,4,0.51,44.4,13.11
car,SBI,773,45.3,business,10.3,6,0.72,36.7,11.42
home,Kotak,708,24.9,salaried,50.9,6,0.74,10.8,10.19
personal,SBI,656,37.2,salaried,1.4,5,,1.8,15.46
personal,SBI,680,45.8,self_employed,7.4,4,,8.1,15.8
education,SBI,589,32.5,salaried,2.7,6,,45.0,13.1
home,HDFC,748,17.1,salaried,113.7,14,0.74,11.7,11.22
home,Kotak,689,47.5,business,156.7,18,0.79,12.3,12.42
car,Axis,778,14.0,self_employed,21.3,6,0.58,28.6,10.36
education,ICICI,539,30.2,self_employed,39.9,11,,23.0,13.85
personal,Kotak,896,44.6,salaried,19.5,6,,56.6,16.19
home,SBI,780,47.8,salaried,40.8,16,0.52,48.1,9.49
car,Kotak,680,4.2,self_employed,15.7,4,0.57,25.2,12.21
home,SBI,674,28.9,salaried,128.5,17,0.86,46.0,13.02
home,Axis,653,49.5,salaried,37.7,29,0.57,59.6,12.01
education,SBI,715,46.1,business,38.0,15,,26.9,11.37
home,ICICI,583,39.9,self_employed,190.1,26,0.79,35.2,12.96
education,Kotak,800,18.2,salaried,12.5,10,,42.3,10.84
personal,Kotak,587,41.4,self_employed,21.0,6,,25.3,18.54
home,Kotak,603,10.4,salaried,149.0,27,0.76,9.1,13.01
car,HDFC,686,46.8,self_employed,20.8,7,0.69,31.1,12.39
car,HDFC,723,12.1,salaried,5.9,4,0.58,4.0,10.08
personal,HDFC,710,30.2,salaried,16.9,7,,46.7,15.51
education,SBI,626,9.1,salaried,13.8,10,,6.5,11.57
car,Kotak,567,45.7,self_employed,16.7,3,0.83,37.7,13.96
home,HDFC,553,48.9,business,156.6,19,0.58,46.1,12.89
personal,Kotak,761,16.4,business,10.6,2,,41.7,16.1
home,HDFC,831,15.3,salaried,19.7,19,0.52,48.4,10.06
car,Kotak,742,33.1,business,35.9,6,0.58,25.8,12.07
car,ICICI,696,25.5,salaried,17.2,3,0.57,10.6,11.42
personal,Kotak,681,37.0,self_employed,10.3,2,,2.5,16.8
home,Axis,640,9.1,self_employed,108.6,30,0.87,5.5,13.2
car,HDFC,550,21.4,salaried,32.4,3,0.84,17.1,12.96
car,SBI,613,45.5,salaried,3.1,6,0.62,38.0,12.3
home,Kotak,696,39.9,business,169.2,26,0.74,57.3,12.98
education,HDFC,682,24.7,salaried,30.1,7,,46.9,11.89
education,ICICI,655,26.3,business,15.9,15,,29.2,12.55
home,SBI,688,16.9,salaried,174.6,6,0.82,25.2,12.06
personal,SBI,452,45.2,business,15.3,5,,34.7,18.52
car,ICICI,619,11.0,salaried,3.4,1,0.73,15.0,12.11
personal,HDFC,809,16.8,salaried,2.2,3,,21.4,14.41
personal,HDFC,554,2.8,self_employed,15.9,7,,9.9,18.43
car,Axis,680,22.5,business,28.5,5,0.88,14.3,13.46
education,Kotak,730,18.1,salaried,25.6,6,,58.9,12.07
car,Axis,566,29.4,self_employed,3.3,6,0.83,20.4,13.92
education,Axis,657,41.0,self_employed,19.1,1,,21.3,12.07
car,SBI,717,40.5,salaried,8.2,7,0.7,12.3,10.11
car,SBI,789,18.4,salaried,24.0,6,0.65,10.4,9.52
education,ICICI,683,21.9,salaried,9.4,5,,46.7,11.73
home,Axis,675,45.9,self_employed,59.1,18,0.72,46.2,12.17
home,Axis,700,46.1,salaried,125.4,19,0.66,18.9,10.54
personal,Axis,666,49.9,salaried,10.3,5,,38.3,17.14
education,Kotak,584,31.4,salaried,9.4,10,,56.7,14.37
education,Axis,591,12.5,salaried,8.8,7,,15.6,12.89
home,Axis,717,25.1,salaried,130.2,8,0.76,40.4,12.38
personal,Axis,617,14.4,salaried,13.5,5,,4.7,16.75
home,SBI,819,49.6,salaried,59.4,11,0.64,43.9,9.83
car,SBI,788,16.7,self_employed,39.4,2,0.57,2.7,9.67
education,SBI,724,43.3,salaried,4.7,7,,54.4,11.48
education,SBI,557,45.5,self_employed,34.5,5,,30.3,12.7
personal,HDFC,650,4.9,business,16.4,3,,2.4,16.91
education,Axis,590,38.0,salaried,21.1,7,,40.0,13.25
personal,Kotak,784,29.1,salaried,9.6,4,,21.7,14.79
personal,ICICI,626,11.7,salaried,6.6,2,,15.1,16.48
home,Axis,785,17.0,salaried,35.0,11,0.83,41.4,11.19
car,HDFC,470,15.8,self_employed,29.2,7,0.55,41.5,13.77
home,Kotak,684,9.9,salaried,45.0,7,0.6,27.7,11.64
personal,ICICI,755,50.0,salaried,12.2,2,,8.8,14.24
personal,SBI,696,43.7,self_employed,5.5,1,,2.6,15.74
home,Kotak,756,30.4,business,55.4,5,0.76,57.9,12.44
personal,SBI,539,13.5,business,1.8,7,,48.8,18.86
home,ICICI,599,17.2,self_employed,122.5,24,0.82,51.2,13.0
personal,HDFC,801,45.4,self_employed,7.8,7,,35.1,15.61
home,Kotak,605,10.2,salaried,175.0,8,0.71,53.1,12.89
home,SBI,808,14.3,business,143.4,10,0.78,30.9,11.59
education,Kotak,674,42.5,self_employed,2.4,10,,31.3,12.04
car,Kotak,737,30.1,salaried,29.8,5,0.67,57.7,12.61
personal,HDFC,817,32.6,self_employed,8.9,6,,6.9,14.66
home,ICICI,623,39.5,salaried,162.2,20,0.73,36.1,12.79
education,Axis,680,2.7,salaried,3.9,3,,16.2,10.77
education,Kotak,728,35.1,self_employed,34.5,3,,55.3,12.6
home,SBI,683,21.3,salaried,61.4,14,0.71,59.7,12.15
personal,ICICI,649,10.2,salaried,19.1,6,,41.4,17.75
personal,Kotak,784,14.9,self_employed,23.7,7,,21.0,15.23
car,Kotak,633,45.6,salaried,6.3,4,0.84,21.4,12.96
home,Kotak,666,21.9,salaried,167.8,16,0.57,36.4,12.31
home,SBI,617,4.3,self_employed,196.0,12,0.59,31.0,12.83
car,Kotak,629,29.3,business,33.4,2,0.7,46.1,14.05
car,HDFC,652,17.9,salaried,26.8,6,0.74,53.8,12.77
car,ICICI,853,41.0,salaried,27.4,3,0.72,5.8,10.2
education,HDFC,588,42.7,salaried,2.1,1,,15.3,12.86
car,Kotak,630,16.8,salaried,15.8,5,0.85,17.0,13.24
car,HDFC,575,9.7,salaried,34.8,6,0.59,34.3,13.05
personal,Kotak,713,19.0,salaried,2.0,4,,40.4,15.85
home,Kotak,643,28.3,self_employed,199.0,11,0.55,30.6,12.86
personal,SBI,754,38.5,salaried,7.2,1,,18.9,14.31
education,Kotak,760,37.2,self_employed,11.3,2,,57.7,11.76
personal,Axis,746,28.4,salaried,14.4,3,,60.0,16.52
car,Kotak,641,49.8,self_employed,9.0,1,0.68,25.1,12.79
car,ICICI,823,7.3,self_employed,16.0,2,0.78,4.5,11.25
home,HDFC,654,32.2,self_employed,128.6,21,0.56,14.9,11.31
education,SBI,590,12.6,self_employed,5.6,7,,8.1,12.52
car,SBI,604,8.8,salaried,21.0,2,0.51,15.4,11.86
car,Axis,635,19.7,business,4.9,4,0.69,23.7,13.35
car,HDFC,695,26.9,salaried,30.7,2,0.65,24.1,11.21
home,Kotak,622,9.8,salaried,119.7,21,0.61,37.3,13.11
education,Axis,675,13.0,salaried,28.4,9,,24.6,11.81
car,Axis,685,30.4,salaried,6.9,1,0.58,25.5,11.35
education,Kotak,721,19.7,self_employed,7.8,8,,23.5,11.53
home,Axis,815,20.2,salaried,11.1,11,0.7,18.1,9.38
personal,ICICI,835,35.6,business,12.8,3,,13.3,15.64
personal,HDFC,645,16.2,self_employed,2.2,5,,10.5,17.0
home,Axis,593,15.0,self_employed,89.6,27,0.67,17.0,12.99
personal,Axis,689,10.5,salaried,20.0,4,,57.8,17.24
personal,ICICI,750,47.9,self_employed,21.7,1,,52.5,16.55
home,HDFC,696,10.6,self_employed,172.6,24,0.58,59.2,12.97
personal,HDFC,514,18.9,self_employed,22.4,3,,33.5,17.9
car,ICICI,489,7.3,salaried,9.8,7,0.81,7.2,13.03
education,Kotak,721,18.4,salaried,21.5,1,,42.8,11.31
personal,ICICI,733,17.4,business,14.0,3,,9.4,15.9
personal,Kotak,834,16.4,self_employed,11.8,2,,33.6,15.08
personal,Kotak,672,26.0,self_employed,24.8,7,,4.0,16.41
education,ICICI,606,15.7,self_employed,36.8,4,,19.8,12.64
personal,Axis,749,22.4,business,21.8,2,,1.9,16.82
personal,Axis,803,43.2,salaried,14.1,6,,30.4,14.87
home,Kotak,752,34.4,salaried,135.3,26,0.56,1.9,9.65
car,Kotak,730,38.4,self_employed,12.5,7,0.89,58.0,13.62
car,Axis,759,23.4,salaried,30.1,6,0.87,34.1,11.4
car,HDFC,701,34.8,business,25.9,3,0.8,55.9,13.31
personal,Axis,609,47.7,salaried,7.2,7,,45.8,17.38
education,Axis,552,22.8,salaried,10.8,13,,53.7,14.3
education,HDFC,735,27.6,self_employed,23.4,10,,20.8,11.01
car,SBI,711,46.7,self_employed,7.0,3,0.55,40.8,10.95
education,Kotak,533,9.7,salaried,31.8,11,,52.9,14.55
education,ICICI,676,9.7,salaried,31.5,11,,41.3,12.12
education,Kotak,542,44.6,self_employed,17.5,15,,53.1,14.51
personal,ICICI,707,30.5,salaried,21.2,5,,53.9,16.91
personal,HDFC,542,25.7,salaried,14.4,6,,14.0,17.41
education,ICICI,744,35.4,self_employed,22.1,11,,3.9,10.76
education,SBI,683,47.3,salaried,22.4,9,,25.4,11.1
personal,Kotak,632,48.7,salaried,10.9,7,,43.5,17.43
education,Kotak,797,33.7,salaried,11.6,3,,25.0,10.03
home,ICICI,825,8.8,self_employed,107.5,23,0.72,5.4,10.81
personal,Axis,804,37.7,salaried,11.0,6,,41.7,15.14
education,Axis,900,49.8,self_employed,2.1,13,,37.5,10.9
home,Kotak,848,39.9,salaried,164.0,27,0.54,29.6,9.94
education,SBI,683,49.2,salaried,36.1,1,,5.8,10.87
car,Axis,757,12.0,salaried,10.1,4,0.64,18.7,9.99
education,SBI,635,36.1,salaried,28.9,4,,23.5,11.5
education,Kotak,678,16.1,business,27.4,8,,42.5,13.25
personal,Kotak,632,47.0,salaried,2.9,7,,53.3,18.31
home,SBI,678,17.1,salaried,114.1,7,0.61,56.5,12.45
home,HDFC,694,44.7,salaried,135.2,21,0.72,5.3,11.09
home,ICICI,620,38.3,salaried,183.2,26,0.67,33.4,12.19
personal,Axis,579,8.9,salaried,1.4,4,,4.4,17.61
education,HDFC,827,34.1,salaried,9.8,9,,29.8,9.44
personal,Kotak,754,35.1,business,22.8,6,,9.0,15.44
home,Axis,489,8.0,self_employed,194.6,14,0.84,14.0,12.84
home,SBI,756,9.3,business,162.5,23,0.85,2.8,12.02
car,HDFC,706,46.0,salaried,36.6,3,0.71,38.4,11.18
home,Kotak,852,46.0,salaried,179.5,18,0.54,27.9,9.44
education,HDFC,706,32.9,salaried,35.1,6,,41.4,11.02
education,SBI,705,9.7,salaried,33.2,5,,4.6,10.02
home,Kotak,822,9.3,self_employed,158.2,9,0.8,13.7,11.77
education,SBI,543,4.8,salaried,18.4,9,,34.0,12.72
personal,HDFC,752,38.4,salaried,13.9,2,,43.6,15.02
personal,Axis,724,7.3,business,8.2,1,,19.2,15.99
car,Kotak,821,48.8,salaried,25.9,3,0.74,48.1,10.82
home,ICICI,681,36.9,salaried,61.1,18,0.75,46.2,12.42
education,HDFC,685,12.9,self_employed,35.4,6,,42.3,12.66
education,HDFC,743,26.4,salaried,21.2,10,,60.0,11.32
personal,SBI,593,20.4,salaried,18.3,5,,24.7,17.59
car,Axis,677,41.4,salaried,10.4,3,0.6,39.5,12.01
car,HDFC,716,45.9,salaried,13.8,7,0.82,20.6,11.19
home,Axis,622,13.4,self_employed,196.1,14,0.8,22.0,12.91
home,HDFC,635,49.4,salaried,26.3,22,0.52,6.3,11.28
car,Kotak,592,28.2,self_employed,5.9,5,0.83,56.3,13.84
personal,SBI,644,37.0,salaried,4.3,1,,58.2,17.47
home,ICICI,655,26.7,self_employed,179.4,30,0.54,48.6,13.09
car,Axis,682,11.5,self_employed,3.6,3,0.56,39.0,12.72
car,Axis,718,35.0,self_employed,5.1,5,0.59,48.8,11.92
home,Kotak,710,19.2,salaried,94.5,12,0.76,46.9,11.74
education,ICICI,648,32.4,salaried,19.8,12,,49.0,12.52
car,Axis,660,43.1,salaried,7.4,7,0.63,38.1,12.04
home,ICICI,569,42.7,salaried,147.5,6,0.62,31.8,12.61
car,Axis,708,29.4,salaried,23.5,7,0.71,26.1,11.12
car,Axis,756,15.8,salaried,29.2,3,0.73,21.2,10.16
education,Kotak,835,37.2,self_employed,1.9,1,,59.9,11.46
education,Axis,712,18.8,self_employed,38.5,4,,14.7,11.38
home,ICICI,712,43.7,salaried,107.1,21,0.67,3.1,10.38
home,SBI,637,38.8,salaried,71.4,21,0.87,10.7,12.36
car,Axis,699,12.7,salaried,24.5,6,0.7,38.7,12.26
home,Kotak,696,4.4,self_employed,84.9,8,0.77,6.3,13.04
home,HDFC,669,34.8,salaried,41.5,6,0.55,32.2,10.73
personal,ICICI,680,42.5,self_employed,13.3,3,,33.8,16.68
personal,HDFC,661,10.0,business,19.7,3,,9.4,16.85
car,Axis,693,22.4,salaried,5.4,7,0.74,55.1,13.06
car,HDFC,787,42.4,business,37.0,4,0.73,28.1,11.02
education,Kotak,667,11.6,self_employed,10.8,15,,6.7,11.88
car,SBI,665,18.7,salaried,37.7,6,0.89,20.1,12.7
personal,Kotak,799,28.6,salaried,8.5,2,,22.6,14.51
home,ICICI,723,33.9,self_employed,29.7,27,0.71,7.8,10.92
personal,HDFC,674,20.0,self_employed,18.7,4,,0.1,16.29
home,HDFC,588,37.9,self_employed,35.2,11,0.64,49.3,12.99
home,ICICI,589,46.9,self_employed,50.1,27,0.78,7.3,13.1
education,SBI,797,45.8,salaried,30.4,14,,16.3,8.89
personal,ICICI,746,30.8,salaried,20.2,3,,53.3,16.54
home,Axis,728,45.0,salaried,94.2,7,0.62,0.2,10.37
car,ICICI,694,6.9,salaried,27.9,5,0.68,41.5,13.01
home,HDFC,650,15.5,self_employed,94.7,19,0.65,40.5,12.83
car,Axis,610,39.5,self_employed,9.9,2,0.72,44.9,12.99
home,Axis,492,46.7,self_employed,27.0,13,0.81,2.5,13.02
home,Axis,672,29.4,salaried,16.3,22,0.56,27.9,11.01
education,HDFC,612,45.7,business,31.9,12,,21.9,12.94
car,ICICI,700,12.9,salaried,3.1,7,0.6,37.9,11.1
car,Axis,571,24.0,salaried,24.8,1,0.56,52.4,14.22
car,Axis,587,42.6,business,20.2,4,0.72,47.8,14.04
car,ICICI,562,47.0,self_employed,15.5,2,0.63,9.2,13.34
education,ICICI,651,46.7,salaried,38.3,5,,21.2,11.4
education,SBI,740,14.0,self_employed,12.2,5,,45.1,11.29
car,SBI,599,33.7,salaried,31.5,6,0.83,40.3,13.88
car,HDFC,721,19.0,salaried,19.3,3,0.7,28.5,10.63
home,Axis,682,29.6,salaried,71.1,26,0.76,48.8,12.77
car,Kotak,641,32.1,salaried,21.9,2,0.82,29.6,13.27
personal,Kotak,657,27.8,business,18.1,2,,10.6,16.85
personal,SBI,658,6.1,salaried,15.5,1,,0.7,16.05
home,SBI,733,42.4,salaried,183.7,5,0.62,16.7,10.33
car,ICICI,785,38.6,self_employed,5.5,1,0.58,43.4,11.03
personal,HDFC,705,27.0,salaried,8.5,6,,4.2,14.97
personal,Axis,699,43.1,salaried,21.2,4,,52.6,17.65
car,ICICI,642,42.2,salaried,36.0,6,0.83,15.8,12.75
personal,Axis,712,39.7,business,10.7,4,,59.1,17.86
education,Axis,668,40.0,salaried,31.1,12,,35.6,12.26
education,HDFC,668,18.1,self_employed,35.5,11,,33.4,11.8
education,Axis,600,11.6,business,6.9,12,,41.1,13.46
car,ICICI,788,4.5,business,20.8,2,0.6,44.2,12.09
education,HDFC,797,7.3,business,23.4,9,,13.9,10.99
personal,ICICI,642,39.1,self_employed,20.0,3,,10.4,16.93
car,ICICI,533,48.3,salaried,9.3,4,0.69,5.0,12.68
car,ICICI,630,5.1,self_employed,27.7,7,0.69,38.6,13.64
education,Kotak,764,37.5,salaried,29.5,15,,56.6,11.46
personal,ICICI,660,30.0,business,17.8,6,,28.7,16.73
education,Kotak,695,18.1,self_employed,27.4,10,,1.5,11.78
home,HDFC,717,33.2,self_employed,143.0,21,0.74,50.8,12.56
home,HDFC,643,23.1,business,113.2,29,0.73,27.4,13.04
home,HDFC,724,10.3,salaried,99.7,10,0.61,53.1,12.28
education,Axis,650,6.2,business,7.3,8,,59.8,13.84
home,Axis,623,45.8,salaried,96.5,11,0.57,52.0,13.1
education,HDFC,622,2.8,business,6.0,12,,20.6,13.21
personal,Axis,747,28.0,salaried,4.8,5,,49.8,16.0
education,SBI,738,39.7,self_employed,29.2,6,,47.6,11.01
home,HDFC,667,4.2,salaried,78.4,15,0.56,51.4,12.94
car,ICICI,514,42.1,salaried,28.2,3,0.89,46.2,13.95
home,Kotak,549,33.4,business,50.2,16,0.84,27.9,12.98
personal,Axis,667,38.8,salaried,5.7,2,,0.7,15.93
home,HDFC,826,3.2,self_employed,112.7,9,0.74,49.1,11.46
car,Axis,620,25.8,salaried,12.4,5,0.89,49.5,13.83
car,Kotak,557,31.9,salaried,25.1,1,0.6,48.0,13.5
education,ICICI,900,31.9,salaried,34.9,4,,22.0,9.41
education,HDFC,536,44.1,self_employed,16.5,2,,6.1,13.47
home,ICICI,643,41.5,salaried,88.7,27,0.68,14.3,11.39
personal,HDFC,646,7.3,salaried,23.8,4,,3.6,16.56
car,HDFC,578,11.4,self_employed,16.8,1,0.6,8.0,13.11
home,HDFC,674,20.9,business,52.8,30,0.69,40.0,12.75
car,SBI,619,22.9,salaried,32.3,4,0.87,53.3,14.01
car,HDFC,814,23.4,self_employed,23.9,5,0.59,12.9,9.78
education,SBI,645,30.2,business,10.6,4,,30.0,12.44
education,HDFC,831,38.9,self_employed,35.1,12,,29.1,10.39
car,Kotak,782,25.6,salaried,37.9,7,0.59,28.4,9.73
personal,ICICI,752,35.7,self_employed,16.3,2,,34.7,15.3
car,ICICI,807,4.5,self_employed,17.1,3,0.6,32.5,10.54
home,HDFC,613,47.0,self_employed,157.3,6,0.74,42.8,13.16
personal,Axis,599,21.6,self_employed,19.3,4,,50.2,19.18
home,Axis,811,4.8,salaried,141.4,13,0.51,29.3,10.39
personal,Axis,685,17.2,salaried,24.4,2,,27.6,16.37
education,Kotak,746,39.1,salaried,5.8,9,,54.6,12.14
home,Kotak,783,13.2,self_employed,108.2,15,0.85,56.4,12.76
personal,HDFC,657,36.6,self_employed,7.7,5,,5.4,15.96
education,ICICI,696,5.8,salaried,22.5,2,,52.8,13.26
home,ICICI,813,13.4,business,37.7,16,0.52,29.1,10.88
car,HDFC,733,15.6,business,37.7,3,0.63,48.4,12.21
education,Axis,859,11.1,salaried,22.0,14,,58.6,11.37
car,HDFC,618,12.8,self_employed,3.2,6,0.88,19.4,13.76
personal,Axis,830,35.2,salaried,21.1,1,,20.1,14.85
education,ICICI,729,2.4,salaried,3.7,11,,40.4,11.22
home,ICICI,640,11.3,salaried,139.0,10,0.71,28.6,12.65
car,HDFC,799,33.6,business,8.6,1,0.55,8.1,10.24
personal,ICICI,582,19.5,salaried,22.4,6,,36.0,18.03
car,ICICI,666,31.8,salaried,35.3,2,0.55,46.7,12.0
personal,SBI,713,17.3,self_employed,3.3,7,,26.5,15.48
home,SBI,815,46.9,self_employed,129.9,24,0.77,38.4,10.94
personal,SBI,807,43.7,salaried,9.6,2,,29.6,14.48
home,Axis,728,28.4,salaried,120.0,22,0.76,18.4,11.19
personal,HDFC,655,14.3,self_employed,20.1,1,,37.5,17.0
personal,SBI,797,19.5,self_employed,2.8,1,,17.4,14.84
car,SBI,838,35.9,salaried,33.4,5,0.65,13.7,9.82
home,ICICI,554,49.3,salaried,29.8,25,0.58,19.5,12.31
home,Kotak,742,36.9,salaried,102.8,16,0.89,53.1,13.11
home,SBI,599,18.2,self_employed,76.6,28,0.61,57.2,13.06
personal,Axis,601,34.4,business,22.9,7,,26.3,18.12
home,Axis,612,26.9,salaried,56.8,10,0.81,43.5,12.93
car,Kotak,734,18.9,business,9.1,5,0.9,3.0,13.19
education,HDFC,622,15.0,self_employed,7.0,14,,27.3,12.4
car,ICICI,777,26.7,self_employed,11.3,7,0.85,3.4,11.44
personal,ICICI,668,26.7,salaried,10.5,1,,40.0,16.42
education,SBI,665,19.1,salaried,36.7,2,,5.4,10.79
personal,Kotak,694,5.4,salaried,23.9,2,,37.0,16.95
car,ICICI,699,6.7,self_employed,5.8,4,0.77,29.9,12.28
home,HDFC,652,11.7,self_employed,76.7,18,0.57,25.0,12.23
personal,Kotak,684,40.1,salaried,4.8,4,,38.1,16.72
education,HDFC,742,37.6,salaried,39.2,7,,28.1,10.59
home,ICICI,583,5.5,salaried,44.3,16,0.51,0.5,12.95
education,Kotak,707,45.5,salaried,17.0,5,,0.6,10.65
car,SBI,720,41.4,self_employed,23.8,3,0.57,45.4,11.28
personal,Kotak,627,29.9,business,22.6,6,,25.9,18.42
home,HDFC,631,3.7,salaried,66.5,17,0.71,28.1,12.92
car,HDFC,693,13.1,salaried,16.6,7,0.82,1.5,11.99
education,ICICI,698,46.5,salaried,7.4,8,,9.9,11.46
personal,HDFC,561,3.5,salaried,22.3,2,,45.2,19.29
car,HDFC,702,17.4,self_employed,37.1,6,0.71,57.7,12.88
car,ICICI,766,46.3,salaried,34.1,5,0.72,35.3,10.67
car,HDFC,758,46.8,self_employed,14.4,6,0.53,26.8,10.14
personal,SBI,641,36.5,self_employed,20.2,5,,28.6,17.23
car,HDFC,610,38.3,salaried,22.0,2,0.76,18.9,12.61
education,Axis,675,5.7,self_employed,22.7,14,,39.1,12.38
car,SBI,695,27.0,business,7.5,3,0.63,49.2,12.39
education,SBI,723,8.6,salaried,27.3,12,,55.5,11.57
education,ICICI,858,14.9,salaried,29.0,15,,29.4,9.6
personal,ICICI,652,13.1,business,3.4,5,,22.1,17.41
education,Axis,900,31.8,salaried,2.0,7,,58.7,11.42
car,HDFC,714,3.9,salaried,8.3,1,0.89,29.9,12.27
car,ICICI,728,7.3,salaried,39.5,1,0.62,11.5,10.61
car,HDFC,667,3.0,salaried,30.9,4,0.84,49.7,13.45
education,Kotak,685,33.7,business,37.9,9,,18.3,12.21
home,HDFC,679,24.8,salaried,22.3,22,0.6,3.6,10.87
education,HDFC,699,17.6,self_employed,2.2,11,,50.2,12.99
education,HDFC,650,26.7,salaried,20.6,1,,9.7,11.12
personal,Axis,849,38.0,business,20.7,7,,40.5,16.44
home,HDFC,729,19.3,self_employed,192.8,9,0.63,38.1,12.02
car,ICICI,673,29.4,self_employed,5.9,7,0.82,26.0,12.51
education,ICICI,726,9.0,salaried,24.5,8,,25.7,10.74
home,ICICI,871,46.8,self_employed,111.0,15,0.9,39.8,11.92
car,Axis,713,40.7,salaried,12.7,7,0.72,54.5,11.89
personal,SBI,708,32.7,business,10.2,6,,32.8,15.71
education,SBI,822,46.2,salaried,36.8,5,,57.3,10.54
home,SBI,810,26.6,salaried,32.8,29,0.9,32.3,10.61
education,SBI,687,47.1,salaried,5.4,9,,9.3,10.69
home,ICICI,512,25.6,salaried,47.2,30,0.7,55.3,13.03
personal,Axis,746,48.8,salaried,13.8,5,,19.9,15.09
personal,SBI,736,35.2,salaried,16.8,6,,22.9,15.3
education,SBI,789,26.8,self_employed,34.9,3,,49.6,10.66
car,Axis,624,17.7,salaried,18.5,3,0.81,18.0,12.47
home,Kotak,609,22.8,salaried,181.7,21,0.75,18.6,13.02
home,SBI,826,35.7,self_employed,57.7,28,0.85,20.6,11.13
education,ICICI,716,27.0,self_employed,14.9,13,,22.0,10.96
education,Axis,553,43.9,salaried,24.6,13,,16.6,12.8
personal,SBI,835,27.6,salaried,16.1,6,,48.6,14.99
car,Kotak,697,20.1,salaried,38.0,4,0.63,29.3,11.64
education,HDFC,559,12.0,salaried,6.5,8,,48.3,13.04
home,HDFC,665,35.4,self_employed,34.7,7,0.63,15.7,10.88
home,SBI,847,46.7,salaried,68.6,26,0.74,29.5,8.8
car,Axis,728,5.6,self_employed,33.8,3,0.54,55.8,12.95
education,HDFC,709,44.2,self_employed,13.1,10,,42.5,11.5
home,Axis,677,5.7,salaried,160.1,15,0.51,59.4,13.1
education,HDFC,797,12.1,salaried,38.3,14,,10.3,9.83
personal,HDFC,816,2.3,salaried,17.3,5,,42.9,16.04
home,SBI,685,36.3,salaried,39.4,21,0.6,30.7,10.62
personal,Kotak,728,6.5,salaried,19.2,7,,14.5,15.59
home,SBI,616,46.8,self_employed,170.5,8,0.75,23.4,12.99
personal,Axis,682,48.2,salaried,4.7,5,,52.3,17.47
education,HDFC,550,20.6,salaried,23.1,6,,17.3,12.37
education,Axis,686,11.6,self_employed,15.0,3,,45.6,12.64
personal,Axis,631,48.8,salaried,1.1,6,,36.0,17.36
car,ICICI,757,31.8,business,18.1,2,0.87,45.3,12.76
car,Axis,631,43.4,salaried,37.1,4,0.72,29.4,12.16
home,SBI,770,41.0,business,40.7,29,0.79,18.5,10.71
personal,Kotak,708,32.9,business,8.1,7,,27.8,16.29
personal,Kotak,691,21.7,salaried,16.0,3,,53.0,17.82
education,SBI,626,17.0,self_employed,32.8,6,,25.9,11.9
home,ICICI,533,26.9,business,148.4,17,0.87,40.8,12.96
personal,ICICI,833,26.9,business,3.7,6,,9.8,15.43
home,Axis,692,6.0,salaried,43.9,5,0.86,32.8,12.93
home,HDFC,742,24.6,salaried,86.6,23,0.66,2.2,10.3
car,Kotak,674,48.3,business,34.6,6,0.68,21.0,12.95
personal,SBI,643,20.2,salaried,22.0,6,,25.3,16.28
car,Kotak,696,48.1,business,9.9,2,0.79,47.2,13.66
education,SBI,650,49.4,salaried,32.5,15,,17.1,10.6
car,HDFC,753,36.3,self_employed,11.5,6,0.87,25.3,11.83
home,Axis,648,12.7,salaried,142.6,27,0.74,37.1,13.08
personal,Kotak,606,15.8,salaried,1.8,1,,23.0,17.18
home,Axis,793,14.0,salaried,20.0,23,0.57,23.3,9.33
car,Kotak,692,31.1,salaried,13.8,1,0.66,6.6,11.73
home,Kotak,694,2.1,salaried,169.2,18,0.62,19.4,11.63
personal,ICICI,688,31.8,self_employed,11.0,7,,20.1,16.7
home,ICICI,665,48.9,salaried,193.5,30,0.65,55.5,12.87
home,HDFC,830,9.4,self_employed,79.7,15,0.64,38.8,11.15
home,Axis,651,29.0,salaried,48.1,15,0.73,7.9,11.01
car,SBI,674,16.7,salaried,30.6,3,0.82,14.4,11.48
personal,SBI,636,47.0,business,22.4,4,,29.3,17.61
personal,Kotak,604,20.5,salaried,18.9,3,,45.3,17.83
personal,HDFC,714,31.4,self_employed,10.1,6,,19.6,15.72
car,Axis,828,39.4,self_employed,20.8,7,0.53,33.5,10.18
car,Axis,691,37.5,business,13.6,7,0.84,43.1,13.81
personal,Axis,640,25.1,salaried,15.5,5,,56.2,18.53
home,ICICI,614,3.8,salaried,106.6,19,0.62,9.0,12.61
car,ICICI,712,45.9,salaried,27.1,3,0.78,23.4,11.74
car,Axis,566,20.3,salaried,21.4,1,0.76,57.6,13.92
home,Kotak,706,26.8,self_employed,57.6,29,0.71,41.3,11.81
personal,SBI,812,18.1,business,9.0,2,,20.1,14.93
education,HDFC,814,41.2,salaried,34.6,1,,21.0,9.91
education,Axis,558,5.7,salaried,27.1,13,,59.6,14.47
home,SBI,764,39.8,salaried,170.0,23,0.52,55.8,10.95
personal,SBI,749,19.2,self_employed,16.9,4,,21.2,15.72
education,ICICI,695,13.6,business,27.3,6,,50.8,13.97
home,Kotak,690,42.7,salaried,143.1,6,0.74,36.9,12.17
education,Kotak,672,31.2,salaried,1.9,7,,12.3,11.06
home,SBI,740,34.6,salaried,77.7,19,0.55,1.3,10.17
car,Axis,655,3.2,salaried,24.7,5,0.89,16.2,13.55
home,HDFC,697,41.6,self_employed,90.1,24,0.68,22.3,12.11
car,HDFC,853,6.0,salaried,37.4,3,0.5,4.4,10.65
education,ICICI,634,42.0,salaried,6.6,5,,17.6,11.79
personal,Kotak,648,30.1,self_employed,11.7,1,,8.4,17.26
education,HDFC,731,39.3,salaried,19.3,6,,47.8,10.82
personal,ICICI,683,5.5,self_employed,3.5,2,,13.8,16.64
personal,Kotak,638,38.1,self_employed,1.3,4,,35.1,17.99
personal,Kotak,794,33.6,self_employed,19.8,3,,20.0,15.44
car,ICICI,842,35.8,business,9.9,7,0.86,56.1,14.02
car,Kotak,713,48.1,business,25.5,2,0.72,6.7,11.57
personal,SBI,697,36.4,self_employed,18.6,5,,38.0,16.95
personal,Axis,618,23.6,salaried,21.4,1,,21.6,16.68
education,Kotak,711,48.8,self_employed,21.6,15,,27.2,11.33
car,SBI,797,46.7,self_employed,3.8,1,0.86,23.0,11.34
personal,Axis,838,32.5,business,10.4,5,,18.9,15.37
home,ICICI,636,39.0,salaried,35.4,19,0.9,52.2,13.04
home,Axis,732,13.2,self_employed,97.4,28,0.7,16.0,11.67
education,Kotak,679,20.2,self_employed,31.5,10,,7.1,12.1
home,SBI,700,27.9,business,147.7,27,0.64,27.8,11.43
personal,Axis,698,43.2,salaried,12.7,3,,55.8,17.13
car,SBI,650,46.5,salaried,12.0,2,0.79,18.1,11.47
home,Kotak,624,24.0,salaried,139.2,16,0.72,2.8,12.04
home,Axis,852,5.4,salaried,168.2,14,0.6,45.8,11.18
education,Kotak,696,20.1,salaried,34.7,1,,33.4,11.85
personal,Kotak,584,16.7,salaried,13.4,4,,47.5,18.25
personal,ICICI,831,18.5,self_employed,17.1,4,,0.8,14.79
home,Axis,829,35.6,salaried,60.0,13,0.61,30.0,9.33
personal,HDFC,678,4.5,self_employed,8.1,2,,21.1,16.25
car,SBI,782,44.8,business,26.3,3,0.81,27.8,11.26
education,SBI,648,22.7,business,4.9,3,,58.0,14.32
car,Axis,729,45.0,self_employed,26.2,1,0.74,8.5,10.8
personal,SBI,802,12.2,salaried,21.5,7,,2.0,14.12
car,SBI,785,27.5,salaried,27.3,2,0.55,47.6,9.92
home,Kotak,818,47.4,salaried,122.8,20,0.61,50.9,11.05
home,HDFC,798,4.4,salaried,39.1,5,0.71,31.3,10.06
personal,SBI,654,40.2,salaried,18.8,4,,5.2,15.62
education,HDFC,596,29.7,salaried,28.8,4,,1.0,12.24
personal,Axis,629,8.1,business,12.7,7,,22.9,17.84
car,SBI,673,16.9,business,20.2,3,0.86,38.4,13.66
car,Axis,690,3.1,salaried,36.6,3,0.74,20.9,12.81
home,Axis,800,39.8,business,103.2,10,0.69,36.0,11.65
home,ICICI,691,20.3,salaried,139.6,22,0.79,27.5,12.88
home,ICICI,660,21.8,salaried,160.8,11,0.83,24.8,12.66
home,HDFC,728,22.4,business,45.3,14,0.59,8.2,10.8
home,Axis,772,46.8,salaried,37.4,22,0.54,21.2,9.63
education,HDFC,730,37.1,salaried,26.4,1,,22.6,10.42
education,HDFC,610,4.9,salaried,7.2,3,,46.6,12.18
personal,SBI,716,19.4,salaried,19.9,7,,30.5,14.95
home,ICICI,725,13.9,salaried,95.5,10,0.76,15.4,11.42
car,HDFC,860,13.8,salaried,38.9,3,0.69,52.2,11.6
education,ICICI,750,39.4,salaried,25.2,9,,44.8,10.22
car,Kotak,787,14.2,salaried,20.4,1,0.53,5.7,9.94
personal,Kotak,746,18.1,self_employed,5.6,3,,52.3,17.0
education,Kotak,820,33.7,business,12.2,10,,58.1,12.05
home,ICICI,682,48.0,salaried,197.2,11,0.67,31.6,11.53
car,Axis,671,34.2,salaried,4.9,3,0.62,5.7,10.91
car,HDFC,703,46.3,self_employed,23.0,6,0.72,47.2,12.21
education,Kotak,675,34.5,salaried,5.7,15,,34.8,11.22
home,Kotak,756,20.3,salaried,95.6,6,0.54,35.7,10.54
education,Axis,695,23.9,self_employed,20.6,14,,28.8,11.95
education,SBI,703,13.0,salaried,4.0,11,,58.2,11.13
home,ICICI,687,16.4,self_employed,69.3,19,0.78,38.1,12.9
personal,Kotak,756,8.0,salaried,18.4,7,,27.8,15.11
education,Axis,766,44.8,business,4.6,14,,38.1,11.28
education,SBI,489,36.8,salaried,9.5,1,,27.8,12.6
car,Kotak,755,4.9,salaried,29.1,3,0.67,55.6,12.23
education,Axis,801,38.6,self_employed,24.0,15,,56.1,12.03
personal,Kotak,770,23.2,business,11.1,5,,46.8,16.53
car,ICICI,687,35.6,salaried,38.4,6,0.87,53.4,13.92
personal,SBI,769,5.1,salaried,9.2,4,,53.6,15.46
personal,Axis,730,47.9,salaried,24.0,1,,28.9,15.32
home,ICICI,708,14.3,self_employed,14.8,18,0.54,24.5,10.57
education,Axis,628,16.7,self_employed,8.8,12,,16.6,12.71
car,ICICI,697,35.5,salaried,34.5,1,0.83,40.7,12.5
home,SBI,795,13.1,salaried,61.8,6,0.73,52.1,10.64
car,Kotak,743,38.6,salaried,39.8,2,0.9,58.2,13.44
home,ICICI,659,20.0,self_employed,57.5,21,0.53,9.0,11.64
education,Axis,738,48.0,salaried,10.3,13,,33.6,11.09
education,Axis,568,45.0,salaried,34.8,9,,3.7,12.62
car,HDFC,689,6.0,self_employed,3.1,7,0.58,27.0,11.43
education,HDFC,543,46.2,self_employed,31.7,8,,26.1,13.17
car,ICICI,757,13.1,self_employed,12.7,5,0.61,2.6,10.05
education,Axis,862,39.3,salaried,32.4,2,,39.6,10.34
home,Kotak,617,16.9,business,52.1,27,0.54,40.8,12.98
car,HDFC,763,3.8,business,7.2,1,0.53,25.0,10.66
car,HDFC,893,47.4,business,31.3,7,0.51,26.9,10.87
personal,Axis,709,32.3,salaried,19.8,1,,40.7,15.98
car,SBI,691,26.7,salaried,38.1,6,0.89,38.8,12.85
education,Kotak,866,23.1,salaried,35.5,2,,36.0,10.78
car,SBI,790,40.9,self_employed,37.5,5,0.63,18.5,9.65
personal,SBI,708,7.2,salaried,15.2,6,,31.7,15.03
home,Axis,713,15.9,salaried,52.2,5,0.72,6.3,10.68
home,Axis,538,29.9,salaried,77.2,14,0.58,17.8,12.04
home,ICICI,730,2.4,salaried,135.8,29,0.5,30.1,11.23
car,Kotak,762,9.0,salaried,29.7,6,0.56,51.4,11.67
personal,Axis,656,17.7,self_employed,19.4,2,,36.8,17.22
car,ICICI,764,42.2,salaried,34.9,6,0.71,19.8,9.85
car,Axis,741,38.9,self_employed,30.8,2,0.81,59.7,13.27
home,ICICI,710,45.2,self_employed,117.8,20,0.86,14.6,12.19
education,ICICI,640,7.3,salaried,5.2,7,,23.1,12.53
car,SBI,736,13.4,salaried,17.1,7,0.8,1.0,10.44
personal,ICICI,854,4.9,salaried,19.2,2,,29.5,15.1
car,Kotak,542,45.5,business,7.4,5,0.77,23.1,13.9
personal,ICICI,762,12.9,salaried,12.0,7,,25.4,14.81
home,SBI,833,16.0,salaried,84.9,26,0.82,8.8,10.19
education,SBI,701,33.4,business,1.4,5,,5.5,11.14
personal,ICICI,745,31.4,salaried,9.6,1,,43.5,15.73
home,Kotak,753,34.9,salaried,81.0,24,0.67,21.0,9.99
car,Kotak,654,45.1,business,4.7,4,0.57,31.6,12.41
home,HDFC,698,42.0,self_employed,149.1,12,0.79,48.5,13.07
car,SBI,780,29.7,salaried,22.0,1,0.66,11.6,9.35
home,Axis,713,23.9,self_employed,71.7,17,0.66,9.6,10.86
home,SBI,615,13.8,business,158.5,15,0.66,31.8,12.89
personal,SBI,657,16.1,self_employed,21.5,4,,5.5,16.02
home,ICICI,642,28.7,salaried,68.8,10,0.58,46.9,12.11
car,Kotak,831,23.6,salaried,26.0,6,0.79,47.8,11.22
personal,HDFC,723,4.2,salaried,24.5,3,,35.7,16.71
car,HDFC,607,28.2,salaried,20.7,1,0.71,21.3,12.11
personal,Kotak,689,5.8,self_employed,1.7,1,,25.9,16.49
home,HDFC,840,25.0,salaried,21.8,9,0.51,40.6,9.98
education,ICICI,764,18.8,salaried,38.2,10,,4.8,9.71
car,Axis,776,14.1,salaried,12.0,1,0.66,59.7,11.11
personal,ICICI,794,47.8,self_employed,13.2,5,,18.4,14.64
home,HDFC,719,22.2,salaried,113.8,18,0.8,29.0,11.23
car,ICICI,600,37.3,salaried,23.7,1,0.72,24.0,12.55
car,Axis,798,47.3,self_employed,13.4,7,0.57,15.1,9.9
personal,SBI,724,47.6,salaried,21.3,5,,20.5,14.79
personal,Axis,775,28.5,salaried,23.4,4,,45.5,14.97
home,HDFC,639,10.9,salaried,18.6,28,0.6,8.9,11.03
personal,SBI,591,32.4,salaried,13.0,6,,49.3,17.77
education,Kotak,604,32.3,salaried,2.7,4,,16.7,12.19
personal,SBI,572,10.7,self_employed,23.9,5,,16.0,17.74
car,Kotak,671,13.3,salaried,9.9,5,0.86,4.0,12.47
home,HDFC,855,5.7,self_employed,171.4,24,0.79,20.9,11.49
education,Kotak,602,22.1,self_employed,3.0,7,,17.5,12.85
car,SBI,654,47.1,salaried,15.2,3,0.78,25.3,11.79
home,SBI,667,9.2,salaried,107.3,29,0.68,48.5,12.35
car,HDFC,735,29.3,salaried,17.3,2,0.8,5.0,10.83
home,ICICI,689,11.2,business,153.0,22,0.63,12.8,12.48
home,Kotak,624,8.5,salaried,167.1,23,0.7,26.4,12.89
car,HDFC,661,10.0,self_employed,12.6,7,0.67,26.6,12.16
car,HDFC,660,16.0,salaried,9.4,4,0.57,42.0,11.85
personal,ICICI,544,12.0,salaried,21.9,5,,55.4,18.72
education,SBI,599,9.4,self_employed,5.6,5,,56.5,14.27
home,ICICI,634,34.9,salaried,100.0,13,0.87,24.9,13.07
personal,Axis,629,20.8,salaried,6.3,7,,57.3,18.38
education,Kotak,666,32.9,salaried,20.8,14,,46.2,12.15
personal,Kotak,602,30.1,business,1.4,7,,17.6,18.01
education,SBI,767,24.7,salaried,17.3,14,,26.7,9.34
home,Kotak,670,44.2,self_employed,110.0,6,0.54,53.0,13.03
education,SBI,588,10.1,business,24.7,4,,15.2,13.34
home,SBI,654,39.8,salaried,152.2,22,0.63,42.6,11.14
personal,HDFC,799,8.0,salaried,14.7,1,,59.8,15.76
home,ICICI,540,6.6,business,68.2,27,0.85,5.7,13.09
personal,HDFC,761,3.8,self_employed,12.3,2,,34.2,15.18
home,HDFC,696,24.8,self_employed,118.3,25,0.51,21.2,11.61
car,Axis,678,14.7,self_employed,21.9,2,0.59,13.6,11.72
personal,SBI,732,18.4,salaried,5.7,7,,47.5,15.14
personal,Kotak,707,35.8,self_employed,19.3,5,,17.3,16.14
home,SBI,655,11.1,salaried,95.3,22,0.75,56.6,13.08
personal,ICICI,652,25.9,business,24.8,4,,17.0,16.85
personal,Kotak,818,13.5,business,19.3,1,,15.8,15.81
personal,HDFC,698,21.7,salaried,2.0,7,,57.4,17.51
education,HDFC,628,4.1,salaried,31.8,1,,51.4,13.91
car,HDFC,659,30.6,business,35.0,3,0.52,54.2,13.62
car,SBI,865,20.0,salaried,9.1,1,0.88,16.8,10.71
education,HDFC,814,21.3,salaried,4.5,12,,2.5,9.54
education,Axis,628,22.8,salaried,31.9,2,,40.8,12.71
personal,SBI,679,15.4,business,5.3,4,,22.7,16.61
education,Axis,733,6.7,salaried,32.1,4,,40.7,11.73
personal,Kotak,678,23.3,salaried,15.2,2,,6.3,16.09
personal,ICICI,716,26.6,salaried,20.0,6,,42.9,15.53
car,HDFC,546,3.7,business,7.4,2,0.82,4.0,13.87
personal,ICICI,719,39.9,salaried,15.4,4,,45.9,15.8
personal,SBI,614,45.4,business,11.9,4,,43.1,17.87
education,Kotak,658,6.0,salaried,18.6,10,,6.9,11.32
home,HDFC,566,10.0,salaried,107.2,16,0.52,30.4,12.93
car,SBI,666,48.0,self_employed,14.2,3,0.81,15.2,12.22
personal,HDFC,761,40.3,self_employed,14.0,7,,1.2,14.41
education,ICICI,633,32.8,salaried,9.0,2,,5.2,12.13
education,SBI,755,21.1,salaried,33.4,13,,37.8,9.86
car,SBI,659,30.2,salaried,20.0,5,0.57,30.0,11.15
car,HDFC,774,34.7,salaried,26.9,6,0.86,35.1,11.8
education,Axis,823,39.8,business,33.9,10,,36.6,11.66
education,HDFC,664,16.2,self_employed,14.4,11,,54.0,13.24
home,HDFC,763,28.1,salaried,121.9,20,0.87,50.8,12.87
personal,Axis,714,48.8,self_employed,18.5,2,,59.8,17.3
car,Axis,793,11.1,self_employed,32.8,5,0.81,41.1,11.76
home,HDFC,785,47.2,salaried,142.0,17,0.82,38.2,10.84
home,ICICI,727,31.8,salaried,169.3,30,0.84,33.0,11.78
car,Axis,704,40.7,salaried,33.8,2,0.86,58.0,13.66
car,ICICI,632,27.9,self_employed,7.0,2,0.85,8.8,14.03
car,SBI,633,15.5,business,11.7,4,0.65,7.7,13.17
education,Kotak,714,7.3,business,21.4,11,,59.7,13.1
home,Axis,638,47.8,salaried,65.9,27,0.52,14.8,11.43
home,SBI,674,16.0,salaried,67.9,22,0.83,23.8,11.66
car,Axis,682,4.0,salaried,20.7,7,0.5,21.9,11.98
car,Kotak,835,13.6,salaried,6.8,2,0.78,11.0,10.39
car,ICICI,687,45.1,self_employed,6.4,7,0.86,30.9,13.24
education,Kotak,655,28.8,salaried,5.1,3,,16.8,11.03
personal,SBI,756,9.9,salaried,6.2,3,,46.3,14.78
personal,ICICI,748,36.0,self_employed,19.3,6,,5.4,15.51
home,Kotak,635,7.0,salaried,154.8,19,0.57,26.9,12.86
education,SBI,582,10.0,self_employed,39.3,13,,51.2,14.65
home,Kotak,773,6.6,self_employed,59.2,22,0.76,28.0,11.78
personal,Kotak,669,42.7,salaried,8.5,3,,22.2,16.85
home,Kotak,802,9.8,salaried,134.1,7,0.86,31.0,11.95
education,Kotak,842,44.2,salaried,19.3,9,,40.6,10.61
education,ICICI,612,25.7,self_employed,26.8,13,,13.1,12.39
education,ICICI,833,43.3,self_employed,38.4,14,,31.3,10.15
home,Axis,713,16.5,self_employed,32.4,17,0.79,48.1,12.2
home,Kotak,741,15.4,self_employed,59.5,25,0.82,58.4,12.9
education,Kotak,695,40.4,salaried,35.0,8,,33.5,11.32
home,SBI,592,2.2,salaried,42.8,11,0.75,51.6,12.93
personal,SBI,723,14.6,salaried,22.3,7,,55.3,16.5
home,Kotak,692,16.4,self_employed,92.1,26,0.8,54.7,12.88
car,ICICI,664,29.4,self_employed,30.4,6,0.75,39.5,13.19
home,ICICI,761,37.5,salaried,44.0,27,0.82,59.6,11.44
education,HDFC,699,39.7,business,32.7,2,,14.4,12.07
personal,Kotak,617,18.6,salaried,5.5,5,,56.4,18.08
personal,SBI,630,13.1,salaried,7.3,7,,15.0,16.08
education,Kotak,738,24.7,salaried,7.0,12,,22.0,10.66
personal,SBI,682,27.1,salaried,6.9,5,,39.0,16.08
personal,SBI,768,23.1,salaried,22.5,6,,54.9,15.69
education,Axis,729,8.1,salaried,16.4,13,,7.9,10.85
education,SBI,738,11.3,salaried,32.6,1,,4.5,10.49
personal,SBI,610,47.0,salaried,5.9,6,,10.9,16.29
home,Kotak,648,26.6,self_employed,26.9,17,0.89,28.4,13.04
education,ICICI,635,47.7,salaried,29.5,5,,18.3,12.0
personal,Kotak,896,46.7,salaried,5.1,7,,21.6,14.79
home,SBI,690,18.9,self_employed,52.6,15,0.8,3.5,11.42
car,HDFC,770,8.2,salaried,39.0,1,0.55,18.7,9.94
car,Kotak,671,44.1,self_employed,37.9,3,0.51,37.4,12.57
personal,Kotak,697,3.9,salaried,5.6,2,,19.4,15.76
personal,HDFC,663,5.8,self_employed,5.9,2,,50.4,17.73
education,ICICI,754,15.8,self_employed,11.5,13,,32.8,10.37
car,ICICI,734,11.2,self_employed,8.4,4,0.7,9.2,11.0
car,HDFC,512,15.2,salaried,39.3,7,0.54,56.7,13.83
education,Kotak,671,42.0,self_employed,19.4,11,,37.6,12.22
education,HDFC,662,39.9,self_employed,35.7,1,,39.2,12.29
education,HDFC,814,11.6,salaried,5.3,13,,49.7,10.07
personal,Axis,654,46.2,salaried,3.7,4,,44.9,16.91
home,Kotak,744,46.1,salaried,74.9,7,0.63,18.6,9.75
education,Axis,631,44.8,self_employed,36.2,7,,56.8,13.7
education,Axis,809,4.3,salaried,9.3,4,,32.5,10.2
home,Kotak,684,22.4,self_employed,172.9,16,0.8,5.1,12.96
home,SBI,822,21.5,salaried,62.9,17,0.66,2.1,9.67
car,HDFC,635,46.8,self_employed,13.5,5,0.83,58.4,14.04
personal,Axis,653,18.2,self_employed,2.8,7,,29.3,16.87
home,Kotak,899,9.8,business,40.6,24,0.55,44.0,11.4
education,SBI,623,40.2,self_employed,30.3,6,,52.1,13.59
home,Axis,718,9.3,business,21.8,26,0.83,27.4,12.12
education,Axis,690,28.8,self_employed,24.6,5,,11.8,11.48
personal,ICICI,529,21.8,salaried,14.2,5,,39.0,18.21
education,Axis,766,9.4,salaried,18.9,7,,42.8,11.08
car,Axis,722,29.1,self_employed,25.1,7,0.83,40.4,12.56
education,HDFC,711,31.2,salaried,4.9,13,,24.7,10.59
car,Axis,607,5.1,self_employed,31.7,1,0.71,55.5,14.07
car,SBI,899,29.2,self_employed,38.0,2,0.9,33.8,11.45
car,SBI,655,4.9,business,37.8,2,0.83,19.7,13.4
personal,ICICI,644,6.2,self_employed,10.2,7,,2.8,17.35
car,Kotak,795,4.5,salaried,6.3,4,0.87,12.2,11.33
personal,ICICI,712,45.1,self_employed,17.5,4,,57.9,16.92
personal,Axis,634,25.9,business,5.6,6,,45.5,18.41
car,Kotak,700,47.8,salaried,24.4,3,0.73,31.1,10.64
education,Axis,665,12.2,self_employed,25.8,13,,43.8,12.78
car,Kotak,607,41.1,salaried,4.1,1,0.82,2.4,12.81
education,ICICI,724,21.2,salaried,39.8,7,,48.0,11.48
home,SBI,745,48.5,salaried,61.9,18,0.64,51.4,10.96
education,Axis,768,11.5,salaried,10.5,12,,23.2,9.89
education,HDFC,768,7.9,self_employed,39.9,11,,5.3,10.12
home,SBI,774,26.1,salaried,195.2,13,0.76,15.9,10.39
car,ICICI,726,12.4,salaried,20.6,3,0.75,33.8,11.41
home,SBI,667,18.7,self_employed,183.2,17,0.76,25.4,12.99
home,SBI,610,19.7,salaried,37.2,25,0.84,29.3,12.2
car,HDFC,759,11.7,salaried,34.3,5,0.59,28.6,9.72
personal,Axis,790,21.2,salaried,18.5,1,,6.6,14.7
home,SBI,764,36.8,salaried,49.4,28,0.83,28.2,9.78
education,Axis,817,41.5,self_employed,3.9,15,,12.4,10.04
home,HDFC,744,6.0,salaried,103.9,29,0.78,59.3,13.02
car,Kotak,690,3.6,self_employed,15.6,7,0.59,46.1,13.13
education,Kotak,713,19.5,salaried,7.1,6,,45.4,11.49
home,ICICI,757,30.4,salaried,71.5,5,0.65,6.8,9.95
car,Axis,729,30.9,business,14.4,1,0.85,34.0,13.19
education,Axis,759,42.3,salaried,31.0,12,,56.5,11.59
personal,SBI,707,36.9,self_employed,5.5,6,,52.8,16.73
personal,Axis,632,26.9,business,16.3,7,,8.5,17.68
home,Kotak,703,39.9,salaried,115.3,25,0.75,39.2,11.49
personal,Kotak,884,31.5,self_employed,3.5,1,,22.5,15.23
education,HDFC,723,48.1,self_employed,29.6,8,,25.9,10.94
education,SBI,725,37.5,salaried,20.5,15,,5.2,10.22
car,SBI,633,39.6,salaried,8.2,6,0.63,8.6,11.19
car,ICICI,745,32.9,self_employed,14.4,2,0.65,15.0,11.01
home,SBI,700,40.1,business,97.5,17,0.54,29.3,11.1
car,Axis,674,13.4,salaried,17.5,4,0.67,51.7,12.99
personal,SBI,648,37.9,salaried,5.4,7,,0.3,15.99
car,SBI,720,19.7,salaried,18.4,2,0.57,34.8,10.29
car,ICICI,856,5.4,salaried,19.4,4,0.62,35.3,10.4
personal,Axis,730,49.0,salaried,17.5,2,,16.7,14.95
car,HDFC,840,11.1,self_employed,32.3,4,0.79,20.4,11.64
personal,SBI,660,34.2,salaried,3.7,4,,25.4,15.7
home,HDFC,766,30.3,salaried,28.0,15,0.74,18.9,9.46
home,ICICI,695,16.4,salaried,45.0,9,0.56,9.6,10.76
home,SBI,687,41.7,salaried,123.1,21,0.53,37.2,11.01
personal,ICICI,646,5.0,self_employed,8.3,1,,57.1,18.62
car,Kotak,842,3.8,self_employed,19.3,5,0.85,39.1,13.23
home,Kotak,752,29.2,salaried,70.4,25,0.52,15.7,9.44
personal,Kotak,786,23.8,business,20.5,6,,15.7,15.46
home,SBI,679,21.4,salaried,154.5,11,0.81,43.6,12.95
car,ICICI,544,9.9,salaried,29.3,4,0.69,2.9,13.04
car,Kotak,752,41.1,salaried,18.7,7,0.61,17.3,10.05
education,Kotak,655,49.5,salaried,36.4,12,,26.8,11.31
personal,Axis,628,21.1,business,15.4,6,,8.7,17.83
education,HDFC,733,46.2,salaried,25.5,5,,56.0,11.79
personal,Axis,840,26.9,self_employed,2.7,4,,27.6,15.13
personal,Kotak,741,25.9,salaried,10.2,2,,36.8,16.07
car,ICICI,734,10.5,salaried,30.7,6,0.88,58.0,13.9
home,SBI,657,29.1,salaried,87.0,17,0.77,18.5,11.16
education,Kotak,741,36.8,salaried,10.3,9,,56.2,11.85
personal,SBI,694,22.5,salaried,16.6,6,,48.3,16.51
car,HDFC,620,28.3,self_employed,36.5,7,0.58,35.5,12.83
car,Axis,723,48.9,salaried,15.2,1,0.62,55.9,12.17
education,SBI,820,18.6,salaried,14.7,15,,12.7,9.56
home,SBI,756,30.9,self_employed,130.6,18,0.62,32.7,9.78
personal,HDFC,598,4.0,self_employed,4.3,6,,58.6,19.39
personal,SBI,769,22.0,business,4.3,3,,29.4,15.01
car,Axis,755,21.8,salaried,10.3,7,0.67,57.9,11.34
home,Axis,633,47.6,salaried,198.7,17,0.59,13.8,11.88
home,SBI,648,5.2,self_employed,105.0,13,0.8,54.4,12.95
car,HDFC,765,25.3,salaried,29.8,3,0.82,10.6,10.08
car,HDFC,875,7.0,salaried,34.7,2,0.66,21.1,10.32
home,Kotak,634,6.3,salaried,165.1,16,0.53,29.3,12.86
home,HDFC,725,2.5,self_employed,145.0,20,0.66,19.7,11.25
personal,ICICI,589,10.6,business,6.6,6,,34.2,18.55
education,Axis,570,12.7,business,32.4,6,,59.5,14.48
education,Kotak,826,39.2,salaried,32.1,1,,37.1,10.47
personal,ICICI,800,31.8,salaried,6.6,2,,9.3,14.07
personal,HDFC,662,42.8,self_employed,22.3,1,,56.5,17.58
car,Axis,692,26.3,business,12.5,6,0.7,28.3,12.76
personal,ICICI,634,12.2,salaried,14.8,5,,1.2,16.39
personal,Axis,701,21.5,salaried,13.9,7,,3.7,14.97
education,HDFC,684,46.5,salaried,35.2,6,,8.6,11.09
home,HDFC,668,37.0,business,172.4,11,0.81,35.1,13.11
car,SBI,867,15.5,self_employed,10.2,5,0.76,14.4,10.34
education,Kotak,608,9.2,self_employed,26.4,14,,44.3,13.5
education,SBI,658,49.8,self_employed,19.6,6,,7.4,11.02
home,Axis,569,23.9,salaried,184.7,29,0.5,53.4,13.16
education,ICICI,717,18.1,salaried,3.8,13,,41.9,11.23
home,ICICI,842,5.3,salaried,80.8,17,0.87,35.5,12.26
education,Kotak,579,39.1,salaried,16.1,10,,49.9,13.54
personal,HDFC,680,2.3,self_employed,8.6,3,,27.2,16.43
car,HDFC,815,43.0,business,32.9,3,0.54,12.4,10.41
education,Kotak,680,45.4,self_employed,39.3,14,,58.8,13.71
car,HDFC,610,47.9,salaried,25.9,4,0.62,57.5,13.01
personal,Kotak,596,29.3,business,22.4,1,,43.9,19.73
personal,HDFC,757,10.8,salaried,14.5,7,,39.0,14.68
car,Axis,609,39.3,self_employed,8.3,2,0.51,26.0,12.88
personal,Axis,801,28.4,salaried,21.2,2,,25.0,14.63
education,SBI,875,20.3,self_employed,19.2,10,,27.6,10.07
personal,HDFC,608,14.3,salaried,24.4,7,,57.5,17.94
car,SBI,772,29.6,self_employed,24.6,7,0.77,57.4,12.52
personal,Kotak,684,4.5,salaried,16.0,3,,32.2,16.38
car,Kotak,736,12.7,self_employed,33.3,7,0.72,19.8,11.38
car,Kotak,697,7.2,self_employed,6.7,7,0.54,53.7,13.39
personal,SBI,738,28.8,salaried,1.4,1,,5.5,14.48
car,HDFC,554,46.1,salaried,39.6,1,0.51,17.4,12.31
education,HDFC,766,27.1,salaried,11.8,13,,14.5,9.37
education,Axis,713,13.4,business,25.1,12,,56.1,13.25
education,HDFC,583,22.4,salaried,17.6,7,,50.8,14.1
education,Kotak,658,14.9,self_employed,38.6,9,,30.0,12.37
education,SBI,795,49.5,salaried,34.0,7,,38.1,10.29
personal,Kotak,775,11.3,self_employed,9.0,2,,9.9,14.85
education,Axis,600,4.7,salaried,39.0,6,,58.5,14.62
home,HDFC,791,45.7,salaried,70.9,5,0.67,33.9,9.74
car,Kotak,733,18.6,salaried,24.0,5,0.65,46.5,11.62
personal,HDFC,715,49.8,self_employed,9.0,7,,53.7,17.06
home,Axis,585,46.1,self_employed,80.4,5,0.71,30.1,12.92
personal,ICICI,619,24.4,business,19.6,6,,41.7,18.6
personal,SBI,718,42.2,salaried,22.0,4,,51.7,16.16
personal,SBI,794,42.2,salaried,1.7,7,,51.7,15.77
home,SBI,561,26.5,salaried,67.9,5,0.89,24.6,13.01
education,SBI,728,38.4,salaried,19.4,2,,59.7,11.67
car,SBI,688,37.9,business,3.1,3,0.7,16.0,12.1
education,Kotak,584,14.4,self_employed,30.9,1,,23.3,13.97
car,SBI,633,18.6,salaried,38.9,7,0.67,20.1,11.99
education,HDFC,625,15.7,salaried,7.4,1,,12.9,11.92
education,HDFC,718,22.2,salaried,4.2,15,,21.2,10.61
car,HDFC,821,43.8,salaried,24.1,2,0.69,15.6,9.77
personal,Kotak,794,22.5,business,16.3,4,,44.3,16.2
personal,Kotak,723,41.4,self_employed,5.4,7,,9.7,15.87
car,HDFC,716,35.8,business,21.3,7,0.72,16.0,11.69
home,Kotak,523,41.8,salaried,169.1,14,0.87,9.1,12.93
car,ICICI,664,39.2,salaried,28.5,2,0.79,57.7,13.69
personal,Kotak,883,29.5,salaried,17.9,7,,7.6,14.46
personal,SBI,709,23.6,business,3.5,6,,3.1,15.98
car,HDFC,653,7.9,self_employed,21.4,6,0.74,24.6,12.64
home,Kotak,814,14.9,salaried,188.9,13,0.52,17.7,10.4
education,ICICI,573,10.4,self_employed,35.1,1,,7.9,13.2
car,ICICI,600,9.2,salaried,14.8,7,0.65,48.0,13.27
personal,Axis,765,21.4,self_employed,8.1,7,,20.1,15.28
personal,Kotak,613,23.5,self_employed,17.9,6,,18.8,17.5
education,Kotak,735,16.6,salaried,12.3,13,,7.8,10.77
personal,HDFC,679,39.4,salaried,2.8,7,,51.8,17.4
education,SBI,769,32.0,salaried,17.1,7,,24.6,9.56
personal,Kotak,658,32.5,business,12.3,1,,12.3,16.97
education,ICICI,601,37.1,salaried,9.4,15,,58.5,12.99
personal,SBI,749,27.6,salaried,21.5,3,,55.8,16.39
car,SBI,636,30.8,salaried,35.4,5,0.62,13.8,11.67
car,Axis,584,28.4,salaried,30.2,2,0.57,35.0,13.41
home,Axis,605,30.7,salaried,171.1,15,0.85,12.0,12.97
home,ICICI,861,8.8,salaried,155.1,27,0.57,23.3,10.12
car,HDFC,780,35.9,self_employed,13.3,1,0.87,0.1,11.4
car,HDFC,538,3.4,salaried,32.2,6,0.57,24.3,13.62
personal,ICICI,717,9.6,salaried,18.1,7,,13.9,14.95
car,Kotak,747,6.3,business,38.3,3,0.74,39.6,13.64
home,Kotak,723,9.4,salaried,94.3,9,0.8,37.2,12.32
home,ICICI,677,25.2,salaried,49.4,24,0.61,8.2,10.52
car,SBI,750,16.4,self_employed,33.7,4,0.59,23.5,10.35
education,Axis,651,21.4,self_employed,38.4,11,,18.3,11.94
car,HDFC,726,26.8,business,32.3,2,0.51,51.6,12.8
car,HDFC,634,44.9,business,9.6,1,0.54,8.3,12.8
car,Axis,682,3.6,salaried,23.6,7,0.63,13.9,12.13
education,SBI,708,18.6,salaried,2.1,8,,58.3,11.21
personal,ICICI,779,31.9,self_employed,21.2,6,,11.1,14.94
personal,SBI,714,25.6,business,17.1,3,,14.8,15.89
home,SBI,580,38.5,salaried,104.3,25,0.68,27.6,12.72
personal,HDFC,642,40.7,self_employed,16.4,5,,31.4,17.28
car,HDFC,649,39.8,self_employed,33.5,6,0.73,17.8,12.3
car,Axis,719,15.7,salaried,20.3,3,0.69,57.8,12.57
home,Axis,639,49.4,salaried,73.7,25,0.88,49.2,12.92
home,Axis,750,45.4,salaried,41.6,13,0.68,59.7,11.22
home,ICICI,790,37.3,self_employed,10.0,27,0.8,3.1,10.14
home,Axis,795,14.6,salaried,108.9,5,0.7,5.3,10.68
car,ICICI,636,32.2,salaried,26.7,1,0.74,40.4,13.09
education,HDFC,818,31.9,salaried,30.4,3,,51.8,10.82
education,ICICI,603,7.3,salaried,26.4,6,,44.3,12.79
home,HDFC,805,4.6,salaried,186.5,14,0.7,3.3,10.69
home,Axis,663,7.7,business,55.1,29,0.84,23.1,13.14
education,SBI,641,29.0,salaried,29.5,10,,38.6,12.57
home,Axis,760,17.6,salaried,144.0,6,0.7,49.3,11.4
home,HDFC,740,45.0,self_employed,82.2,12,0.64,0.8,10.32
education,Kotak,712,3.2,salaried,22.1,12,,10.1,11.59
personal,Axis,717,47.8,salaried,5.4,2,,22.7,15.39
personal,HDFC,649,11.5,self_employed,17.6,3,,8.0,17.2
personal,Axis,682,18.0,business,3.5,5,,55.9,18.84
education,ICICI,818,39.0,self_employed,6.0,7,,59.9,11.71
education,HDFC,830,37.1,salaried,10.0,11,,24.9,9.6
education,ICICI,665,43.1,salaried,8.5,15,,30.9,11.3
education,HDFC,594,6.9,salaried,2.6,3,,40.8,13.53
personal,Axis,806,10.8,salaried,23.9,6,,17.8,14.66
car,Axis,693,49.7,self_employed,13.1,4,0.63,52.7,13.36
personal,ICICI,806,24.5,salaried,15.4,7,,23.8,14.44
personal,Kotak,563,9.7,self_employed,13.0,3,,4.3,17.85
home,Kotak,736,34.1,business,111.2,7,0.71,45.4,12.47
education,ICICI,664,28.4,self_employed,16.2,13,,37.9,12.08
car,Axis,774,4.7,salaried,35.0,3,0.76,51.0,13.03
personal,SBI,508,9.0,salaried,14.4,1,,40.1,17.63
personal,ICICI,740,29.8,business,12.1,4,,51.0,17.7
car,ICICI,767,46.5,salaried,10.9,3,0.79,2.2,10.48
car,SBI,820,38.5,salaried,18.4,2,0.75,52.4,11.81
education,HDFC,650,40.2,salaried,17.6,14,,51.0,12.04
education,SBI,633,44.3,salaried,36.4,4,,45.8,12.33
education,SBI,789,23.5,salaried,31.3,14,,13.3,9.0
personal,SBI,641,3.1,salaried,9.9,2,,1.5,16.76
home,SBI,659,41.9,salaried,172.7,10,0.83,33.2,11.4
home,Kotak,611,20.7,salaried,169.1,14,0.57,50.3,12.91
education,Kotak,595,7.6,salaried,33.7,7,,17.1,13.1
car,SBI,827,20.7,self_employed,9.1,1,0.83,44.8,11.28
home,ICICI,708,40.9,salaried,111.8,22,0.71,31.6,10.58
education,SBI,571,37.4,self_employed,2.0,8,,21.3,12.75
education,Axis,562,32.7,salaried,9.5,3,,14.7,12.43
personal,ICICI,638,48.1,salaried,20.0,6,,57.1,17.97
education,Kotak,650,45.9,self_employed,9.6,15,,39.7,12.66
personal,Axis,628,25.0,salaried,18.7,7,,19.4,16.77
car,ICICI,706,44.5,salaried,24.6,5,0.52,40.4,10.81
education,Kotak,773,16.2,salaried,38.7,13,,15.1,10.25
personal,Axis,753,2.4,self_employed,23.4,1,,26.1,16.02
home,ICICI,714,42.2,salaried,127.9,16,0.79,13.8,11.01
education,Axis,563,7.4,salaried,33.1,1,,56.7,14.42
home,SBI,648,44.0,self_employed,186.3,8,0.75,2.8,12.98
car,SBI,646,14.3,self_employed,14.8,5,0.74,12.5,12.27
personal,SBI,702,29.6,self_employed,10.2,3,,53.1,16.44
car,SBI,614,13.5,salaried,24.7,6,0.6,1.6,11.84
car,HDFC,642,3.3,salaried,4.8,4,0.55,40.6,12.49
education,ICICI,718,28.5,salaried,37.2,9,,3.1,10.66
car,SBI,774,49.8,salaried,11.8,4,0.52,8.5,9.19
car,Kotak,613,3.8,self_employed,12.8,2,0.69,4.1,12.99
home,HDFC,673,33.0,salaried,111.2,24,0.58,51.6,12.39
personal,Axis,744,12.2,self_employed,12.6,3,,16.9,15.8
education,Axis,612,25.6,salaried,2.2,1,,16.5,11.67
personal,ICICI,819,27.1,salaried,21.6,5,,51.3,15.74
personal,Kotak,713,23.9,salaried,4.1,6,,19.8,15.22
home,ICICI,693,18.6,salaried,115.5,29,0.52,29.8,12.06
personal,Axis,505,7.3,salaried,4.0,4,,8.1,17.36
home,Kotak,650,41.8,salaried,96.7,14,0.52,17.5,10.72
personal,SBI,726,28.6,salaried,14.4,7,,9.0,14.55
home,HDFC,682,42.7,business,133.4,13,0.72,52.3,12.99
car,HDFC,615,41.2,salaried,30.8,5,0.84,34.5,12.57
personal,HDFC,712,20.9,self_employed,7.0,4,,55.6,17.27
home,HDFC,639,31.5,self_employed,58.5,16,0.61,48.7,12.51
home,ICICI,602,32.3,salaried,88.8,15,0.61,5.4,11.64
car,Kotak,712,43.5,salaried,21.3,3,0.59,31.9,10.89
personal,HDFC,740,10.3,business,19.4,7,,38.5,17.02
personal,ICICI,740,7.0,salaried,20.4,7,,33.4,15.94
personal,HDFC,736,8.4,salaried,15.8,5,,36.1,15.73
car,Kotak,780,36.0,self_employed,23.7,6,0.73,12.5,10.98
education,ICICI,593,20.0,salaried,20.4,8,,43.3,13.47
education,SBI,717,22.6,salaried,32.7,2,,30.3,10.39
education,HDFC,695,27.7,self_employed,36.8,7,,12.6,11.53
education,ICICI,565,36.4,self_employed,24.7,11,,28.8,13.11
home,Kotak,636,36.4,salaried,158.7,25,0.85,2.4,13.05
education,SBI,731,49.1,salaried,5.5,13,,42.3,10.93
personal,Axis,812,11.5,salaried,25.0,1,,54.3,16.61
car,HDFC,657,29.4,self_employed,16.3,2,0.52,14.7,11.51
education,Kotak,640,37.5,business,10.7,2,,35.8,13.79
personal,HDFC,682,44.4,business,10.3,6,,32.4,17.16
home,HDFC,658,9.5,self_employed,149.2,12,0.6,41.0,12.88
personal,Kotak,614,12.2,business,14.0,4,,35.4,18.45
education,HDFC,685,20.2,self_employed,35.8,12,,27.4,12.06
personal,HDFC,679,23.4,self_employed,2.9,2,,26.8,16.43
education,ICICI,680,18.0,self_employed,33.1,15,,25.7,12.02
home,ICICI,620,6.5,business,176.2,23,0.64,34.9,13.1
personal,Axis,718,40.2,self_employed,17.5,6,,10.7,15.63
car,Axis,650,46.2,salaried,35.4,2,0.57,36.1,12.14
education,Axis,681,11.8,self_employed,2.5,12,,26.7,11.84
home,Kotak,800,17.5,salaried,174.6,22,0.53,7.9,10.23
car,HDFC,656,31.4,salaried,39.1,7,0.82,33.0,12.11
education,ICICI,707,49.5,salaried,12.4,4,,2.7,10.34
education,ICICI,735,41.7,salaried,8.8,1,,26.6,10.44
home,Kotak,734,36.0,self_employed,199.3,14,0.71,54.2,12.52
home,Axis,570,15.4,salaried,173.3,18,0.75,5.3,12.92
education,Kotak,577,45.8,business,2.9,9,,0.4,13.98
car,Kotak,585,39.5,self_employed,39.6,6,0.88,14.7,13.9
personal,SBI,801,45.2,self_employed,17.4,6,,35.2,15.37
home,SBI,656,4.4,salaried,82.4,23,0.54,35.6,12.25
personal,Axis,787,37.7,self_employed,1.5,2,,17.2,15.07
education,ICICI,641,39.6,salaried,9.7,5,,37.6,12.36
car,SBI,681,23.3,salaried,38.7,6,0.63,33.4,10.88
personal,Kotak,678,21.5,salaried,9.8,3,,16.8,16.48
education,HDFC,735,23.6,self_employed,31.2,10,,2.5,10.35
education,Axis,856,13.0,salaried,35.6,6,,15.8,10.02
personal,Kotak,831,19.2,salaried,21.4,4,,29.7,15.14
personal,HDFC,644,42.0,self_employed,3.8,1,,57.4,18.58
car,Axis,514,48.5,salaried,37.8,7,0.81,52.0,14.0
personal,ICICI,651,41.4,self_employed,10.0,3,,40.1,17.0
home,Kotak,755,19.6,salaried,140.0,19,0.83,1.8,10.82
personal,HDFC,560,39.9,self_employed,17.4,7,,25.2,17.95
education,Axis,675,10.8,self_employed,28.0,14,,19.6,12.12
personal,HDFC,694,48.3,salaried,13.9,1,,39.2,16.75
education,ICICI,717,15.9,self_employed,31.2,5,,24.5,11.09
personal,Kotak,631,14.1,salaried,20.6,1,,11.4,16.48
car,ICICI,744,3.7,salaried,5.0,4,0.81,19.8,11.12
personal,HDFC,578,45.5,salaried,12.0,2,,54.5,18.7
home,Axis,539,25.6,business,181.0,17,0.81,56.5,12.92
home,Kotak,672,19.5,salaried,63.0,10,0.57,21.9,11.18
personal,Axis,631,37.9,self_employed,12.2,7,,8.6,16.92
home,HDFC,711,40.5,salaried,75.1,14,0.84,50.1,12.09
home,SBI,691,40.9,salaried,101.4,27,0.77,51.4,13.24
personal,Axis,688,3.2,business,1.7,4,,57.3,18.43
education,HDFC,611,42.3,self_employed,34.8,3,,23.0,12.32
education,SBI,737,25.3,self_employed,16.8,8,,57.0,11.91
home,ICICI,676,33.0,salaried,108.6,18,0.78,50.0,12.93
education,HDFC,741,22.4,self_employed,15.5,11,,31.2,10.79
car,HDFC,652,19.0,business,13.6,3,0.64,54.6,13.69
personal,HDFC,698,10.8,salaried,14.1,7,,57.8,17.02
car,HDFC,564,2.2,salaried,8.7,2,0.59,30.5,13.12
personal,Kotak,697,9.9,self_employed,15.4,4,,55.1,18.08
personal,Kotak,732,25.3,business,13.9,3,,36.1,16.98
personal,Axis,582,23.8,salaried,5.1,7,,7.7,17.6
personal,Axis,676,6.0,business,15.7,4,,53.8,18.96
personal,Axis,792,45.2,salaried,7.9,6,,49.8,15.35
education,Axis,771,15.9,self_employed,25.2,8,,47.2,11.06
home,Kotak,726,44.8,salaried,74.8,28,0.86,8.0,11.52
car,SBI,815,45.6,salaried,30.2,5,0.51,6.0,9.37
personal,SBI,711,47.5,self_employed,17.7,4,,8.3,15.59
personal,Kotak,787,42.1,business,16.8,2,,12.1,15.69
education,Kotak,746,33.2,self_employed,31.5,6,,30.7,11.32
education,Kotak,698,17.8,self_employed,20.9,9,,8.2,11.94
education,Kotak,729,39.7,salaried,39.7,14,,34.9,11.19
home,Kotak,706,19.0,salaried,146.6,7,0.69,47.1,12.07
car,Axis,660,33.1,business,29.8,6,0.62,29.1,12.61
education,HDFC,745,27.9,self_employed,36.1,13,,51.3,12.1
home,HDFC,694,25.9,salaried,158.5,18,0.8,36.5,12.85
personal,Kotak,756,40.6,salaried,12.6,6,,36.8,15.26
car,ICICI,723,4.8,salaried,31.6,3,0.9,14.3,12.85
personal,Kotak,589,10.4,self_employed,21.8,7,,29.8,18.38
car,SBI,864,39.6,business,6.0,1,0.64,4.0,10.59
personal,HDFC,574,9.1,self_employed,22.7,3,,42.2,18.64
home,ICICI,593,4.7,salaried,77.6,19,0.68,17.6,13.02
personal,HDFC,740,40.1,self_employed,4.0,4,,27.9,15.95
education,Kotak,703,10.3,salaried,22.3,11,,50.6,12.39
education,SBI,627,42.8,self_employed,18.8,6,,48.6,12.51
car,Axis,592,27.3,business,29.2,1,0.66,55.3,14.02
car,Axis,657,17.0,salaried,34.9,5,0.69,32.2,12.13
car,HDFC,551,16.5,business,36.2,4,0.7,43.9,13.96
car,Axis,784,28.2,salaried,7.9,6,0.59,36.6,10.5
personal,ICICI,643,43.6,salaried,18.0,6,,37.6,17.24
education,Kotak,711,10.9,salaried,26.3,1,,31.7,11.06
personal,HDFC,709,38.7,salaried,7.6,5,,26.9,15.17
home,Axis,628,46.5,self_employed,122.5,24,0.71,42.0,13.01
personal,SBI,603,41.0,business,10.8,4,,19.7,17.31
education,Axis,695,38.5,salaried,30.2,1,,41.4,12.15
car,Axis,725,31.3,salaried,17.3,1,0.86,59.1,13.72
education,Kotak,718,20.8,salaried,22.6,9,,0.3,10.51
personal,Kotak,762,3.0,salaried,16.8,1,,15.3,15.0
home,HDFC,610,19.5,salaried,30.5,7,0.72,5.8,11.42
home,ICICI,537,26.4,salaried,20.1,9,0.51,13.7,12.28
car,Axis,712,19.4,business,14.9,1,0.7,26.3,12.03
personal,Kotak,655,48.1,salaried,17.6,4,,23.3,16.34
home,Axis,736,3.1,salaried,13.6,25,0.57,55.1,11.81
personal,SBI,842,32.8,salaried,14.0,4,,4.9,13.83
education,Kotak,647,45.4,self_employed,25.9,14,,29.9,12.99
education,Kotak,620,35.1,self_employed,16.9,1,,52.8,14.09
education,SBI,812,11.7,salaried,3.3,9,,56.5,10.65
home,Kotak,780,11.2,salaried,169.7,10,0.78,16.8,10.91
personal,ICICI,794,30.0,salaried,22.2,3,,15.1,14.54
car,Axis,652,4.6,salaried,22.2,6,0.86,10.7,13.34
education,Kotak,675,35.7,salaried,12.0,11,,48.9,11.84
home,Axis,652,7.1,salaried,155.4,23,0.88,3.4,12.88
car,ICICI,645,6.7,business,16.4,7,0.8,21.3,13.79
car,HDFC,747,27.3,salaried,25.2,3,0.71,6.5,10.53
home,Axis,774,13.5,self_employed,130.5,22,0.8,59.0,12.63
personal,HDFC,742,25.3,business,21.2,4,,56.2,17.32
car,Axis,728,37.7,business,28.9,3,0.51,10.1,11.76
education,ICICI,699,11.8,self_employed,14.0,8,,21.8,11.62
education,SBI,675,39.6,self_employed,3.0,10,,26.7,11.28
personal,Kotak,619,13.9,self_employed,23.7,5,,47.7,18.25
car,ICICI,689,41.7,self_employed,4.3,2,0.68,42.3,12.78
education,SBI,684,4.4,salaried,29.5,5,,36.0,12.53
personal,SBI,900,3.1,salaried,10.9,6,,44.6,15.1
personal,Kotak,706,30.6,salaried,22.8,5,,34.0,15.41
personal,Kotak,766,48.8,salaried,20.2,1,,59.6,15.99
car,HDFC,629,37.7,salaried,25.1,4,0.71,15.1,11.88
home,HDFC,783,44.7,self_employed,73.9,28,0.89,11.5,11.07
education,ICICI,535,48.0,salaried,34.1,13,,8.2,12.57
car,HDFC,650,31.8,salaried,19.8,2,0.84,5.3,11.68
car,Axis,712,28.6,salaried,14.9,1,0.76,11.4,11.41
personal,SBI,820,2.9,self_employed,4.0,4,,6.0,14.36
car,Axis,730,44.9,self_employed,20.8,3,0.86,11.4,12.3
education,Axis,770,22.2,salaried,4.4,12,,50.1,11.05
car,Kotak,729,41.5,business,13.4,6,0.53,22.3,11.77
personal,ICICI,751,11.3,salaried,12.7,5,,3.5,14.51
education,HDFC,551,23.6,salaried,9.1,5,,55.3,14.07
home,SBI,727,6.5,self_employed,119.6,17,0.59,51.0,12.37
car,Kotak,686,46.5,salaried,28.7,5,0.75,6.2,11.87
personal,Axis,806,9.6,business,11.9,1,,2.3,15.73
education,SBI,717,19.3,business,29.7,12,,48.3,11.92
car,HDFC,659,35.2,business,23.8,6,0.77,43.8,13.17
personal,Kotak,789,10.6,self_employed,6.9,4,,0.4,14.86
education,HDFC,744,48.3,self_employed,11.9,9,,5.2,10.41
education,SBI,803,34.1,business,15.7,11,,50.1,11.64
personal,ICICI,685,15.0,salaried,2.0,6,,15.4,15.95
car,SBI,684,27.8,salaried,26.1,4,0.57,39.9,11.24
car,HDFC,725,22.0,self_employed,22.0,2,0.64,1.6,10.82
car,HDFC,723,35.1,salaried,17.6,4,0.89,50.6,13.09
personal,Kotak,691,17.6,salaried,16.5,7,,22.8,16.11
car,ICICI,795,10.7,salaried,11.2,5,0.85,9.9,10.96
home,Axis,662,4.3,salaried,130.8,29,0.8,5.0,12.35
home,HDFC,603,20.4,salaried,10.4,6,0.52,15.2,11.13
personal,Axis,642,7.6,self_employed,20.5,3,,18.9,17.46
home,Kotak,798,29.6,business,191.7,16,0.59,40.7,11.74
home,SBI,743,10.0,salaried,83.1,17,0.55,29.7,10.77
education,Axis,563,9.7,self_employed,31.6,13,,55.5,14.55
education,SBI,784,18.5,salaried,26.1,8,,59.7,10.59
education,SBI,744,17.6,salaried,5.6,12,,54.8,11.73
personal,Axis,712,36.3,salaried,3.1,4,,29.6,15.51
personal,Kotak,777,46.8,salaried,1.3,6,,44.7,14.99
education,SBI,812,21.4,self_employed,38.7,1,,59.0,10.9
personal,SBI,741,17.9,self_employed,21.4,3,,0.6,15.18
personal,Axis,772,10.8,salaried,5.4,1,,16.9,14.45
personal,ICICI,572,45.1,salaried,4.9,1,,39.0,18.11
education,Kotak,645,30.3,business,29.9,6,,53.8,14.29
personal,SBI,630,29.0,salaried,18.3,7,,3.9,16.03
education,Axis,727,5.6,salaried,8.4,8,,43.7,10.87
personal,HDFC,726,2.1,business,2.2,2,,23.6,15.97
education,Axis,772,5.0,self_employed,16.1,10,,29.0,10.71
car,Kotak,684,15.8,self_employed,39.5,7,0.87,1.7,13.48
education,HDFC,702,7.5,self_employed,7.1,4,,50.1,12.06
home,HDFC,553,39.1,business,11.7,9,0.71,53.3,12.99
home,Kotak,636,21.5,salaried,101.9,12,0.55,18.1,11.96
home,Kotak,838,11.8,salaried,63.7,19,0.78,4.9,10.27
personal,Axis,790,33.2,salaried,5.3,5,,46.5,15.08
personal,Axis,771,44.5,salaried,5.4,5,,48.5,15.07
personal,ICICI,508,29.4,salaried,20.1,6,,56.7,18.69
personal,ICICI,666,24.9,business,6.9,2,,20.1,17.36
car,Axis,687,11.1,business,22.1,4,0.84,19.4,13.14
education,SBI,698,40.8,self_employed,32.3,13,,13.0,11.42
personal,HDFC,714,27.2,self_employed,5.9,1,,13.9,15.26
personal,ICICI,555,17.0,self_employed,2.0,5,,43.1,18.42
car,Axis,584,43.9,self_employed,35.0,2,0.83,20.4,13.88
home,HDFC,628,27.1,salaried,122.4,8,0.69,36.0,12.6
car,ICICI,590,41.1,salaried,26.1,3,0.86,30.9,14.09
car,ICICI,619,2.3,business,37.4,5,0.54,44.6,14.04
education,Kotak,757,29.1,self_employed,30.6,1,,22.1,10.72
personal,Kotak,813,3.6,self_employed,19.0,7,,40.1,16.52
personal,HDFC,640,7.3,salaried,6.2,7,,8.5,16.41
car,HDFC,675,28.9,salaried,12.4,6,0.67,1.6,11.49
education,ICICI,711,3.9,salaried,31.0,7,,59.9,13.09
home,Kotak,741,11.5,self_employed,11.0,17,0.55,41.9,11.05
personal,HDFC,595,9.0,salaried,16.2,6,,23.1,17.8
car,Kotak,792,47.6,self_employed,21.4,7,0.57,10.4,10.35
personal,Axis,706,20.3,self_employed,17.3,7,,55.6,17.41
home,ICICI,748,41.3,salaried,116.9,30,0.82,3.5,10.87
personal,ICICI,673,7.1,salaried,10.6,5,,38.2,16.9
home,ICICI,768,4.7,salaried,147.8,10,0.72,25.5,10.74
personal,SBI,769,47.2,salaried,10.9,2,,32.0,14.09
personal,Kotak,645,39.7,business,23.4,3,,26.8,17.72
home,SBI,687,31.5,salaried,164.2,16,0.58,27.8,10.85
home,SBI,607,20.4,salaried,62.3,11,0.6,18.0,10.96
home,HDFC,608,5.6,salaried,148.9,18,0.78,30.4,13.1
education,ICICI,798,47.9,salaried,18.2,4,,13.4,9.93
personal,ICICI,620,6.0,salaried,14.3,3,,14.8,16.8
personal,ICICI,700,43.1,salaried,6.0,1,,12.3,15.09
car,SBI,644,15.3,salaried,37.8,2,0.88,59.7,14.12
car,ICICI,644,41.5,business,9.3,6,0.73,29.7,13.08
home,HDFC,660,49.2,self_employed,73.9,15,0.8,18.4,11.46
car,HDFC,627,17.9,self_employed,35.1,4,0.57,44.2,13.01
home,ICICI,691,9.6,salaried,179.3,26,0.68,43.5,12.93
home,HDFC,596,7.6,salaried,95.9,8,0.57,32.7,13.0
personal,HDFC,698,43.4,self_employed,13.6,2,,51.9,17.9
education,Kotak,617,46.3,salaried,33.9,11,,30.7,12.36
car,SBI,753,46.0,salaried,33.0,4,0.9,5.3,10.57
car,Axis,727,21.5,self_employed,38.4,1,0.59,23.0,11.37
personal,ICICI,719,12.9,business,1.5,2,,17.0,16.19
education,HDFC,747,10.1,salaried,2.4,6,,11.9,10.26
personal,HDFC,595,45.9,self_employed,10.3,2,,5.4,17.72
education,SBI,695,17.0,self_employed,7.4,12,,22.8,11.53
education,HDFC,693,29.7,self_employed,9.8,10,,15.4,11.44
personal,ICICI,780,31.1,self_employed,12.0,6,,31.5,15.19
personal,Kotak,758,5.1,salaried,3.4,1,,13.3,14.57
education,Kotak,699,2.5,self_employed,11.9,6,,53.6,13.89
home,SBI,654,31.5,salaried,59.8,19,0.53,19.4,10.05
personal,Axis,814,5.9,salaried,2.0,3,,16.7,14.31
home,Kotak,804,40.7,self_employed,42.7,7,0.56,20.0,9.88
home,ICICI,602,26.7,salaried,144.9,24,0.73,17.5,12.23
education,HDFC,755,22.9,salaried,37.1,6,,7.9,9.67
personal,Kotak,640,41.5,salaried,6.2,5,,28.2,17.42
home,SBI,650,5.1,self_employed,51.8,11,0.52,6.9,11.59
home,SBI,692,49.2,salaried,178.6,19,0.51,47.7,11.38
car,ICICI,540,18.3,business,3.4,2,0.8,40.4,13.99
personal,ICICI,599,4.1,business,6.6,4,,38.4,19.1
personal,Axis,729,18.0,salaried,17.1,4,,29.5,15.64
car,Axis,612,18.4,salaried,30.2,5,0.88,47.2,14.03
car,SBI,751,42.4,self_employed,9.7,5,0.57,45.3,10.41
personal,SBI,622,44.1,business,2.6,5,,13.6,17.05
education,SBI,716,24.7,salaried,37.8,13,,33.6,10.56
education,ICICI,612,44.0,salaried,31.6,9,,6.0,12.0
education,Kotak,711,40.0,business,18.3,14,,32.8,11.68
education,ICICI,565,39.3,salaried,6.1,8,,40.8,13.13
personal,HDFC,560,28.5,salaried,13.4,2,,25.9,17.76
personal,ICICI,775,32.2,salaried,11.0,7,,22.1,14.4
personal,Axis,728,32.5,self_employed,22.7,7,,22.0,15.99
home,ICICI,762,3.3,salaried,139.3,24,0.62,33.8,10.51
education,ICICI,740,23.0,salaried,4.1,9,,28.2,10.92
home,ICICI,723,26.6,self_employed,198.5,27,0.56,48.0,12.52
education,Axis,622,48.8,salaried,15.2,3,,54.0,13.54
personal,Axis,655,24.4,business,24.5,4,,39.9,17.8
home,HDFC,772,31.8,salaried,73.4,16,0.52,25.1,9.57
home,Kotak,677,31.8,self_employed,78.9,6,0.57,15.4,11.89
home,Kotak,695,47.6,salaried,165.2,17,0.81,30.4,12.05
education,SBI,636,20.2,self_employed,5.6,9,,50.9,13.18
home,HDFC,849,2.3,salaried,83.7,27,0.62,20.7,10.18
education,HDFC,632,7.5,business,33.8,3,,45.4,13.84
personal,ICICI,734,5.6,self_employed,14.8,6,,4.9,16.02
personal,SBI,732,49.5,business,6.8,7,,55.8,17.46
car,HDFC,897,37.6,salaried,10.4,3,0.54,1.4,9.4
car,Kotak,715,23.0,business,25.0,6,0.61,28.7,11.96
car,SBI,771,49.6,salaried,23.6,7,0.54,42.1,9.96
education,ICICI,698,43.4,salaried,9.0,11,,38.8,11.72
education,HDFC,686,46.5,salaried,18.3,12,,0.1,11.15
car,Kotak,694,22.2,salaried,9.0,7,0.61,44.7,12.25
education,SBI,674,25.5,salaried,19.0,12,,42.8,11.23
personal,HDFC,628,10.0,business,13.7,5,,46.0,18.01
education,Axis,751,36.5,business,11.4,14,,8.6,10.68
home,ICICI,523,28.6,self_employed,88.9,15,0.64,51.4,12.8
personal,Kotak,738,3.3,self_employed,3.4,2,,30.5,15.81
home,Axis,787,5.3,business,102.5,30,0.88,22.0,12.67
education,Axis,601,41.1,self_employed,20.1,9,,49.4,13.22
home,Axis,805,34.7,salaried,50.7,20,0.89,51.8,12.0
personal,ICICI,682,10.7,self_employed,1.4,6,,28.0,16.41
personal,HDFC,578,24.2,self_employed,17.9,2,,32.1,18.24
personal,Kotak,653,18.4,salaried,20.2,6,,6.4,16.24
education,SBI,734,20.6,self_employed,28.5,9,,4.2,10.22
education,Axis,767,10.7,salaried,12.1,3,,10.7,10.02
education,Axis,730,2.9,self_employed,32.4,12,,38.2,12.33
education,SBI,806,11.7,self_employed,17.0,6,,39.4,10.71
home,SBI,592,4.0,salaried,148.6,12,0.64,3.2,12.99
home,HDFC,815,21.4,salaried,153.9,30,0.54,45.7,10.52
car,SBI,690,35.9,salaried,15.6,4,0.82,38.5,12.0
home,Kotak,687,11.9,salaried,150.8,23,0.5,23.8,12.18
personal,SBI,661,38.3,salaried,14.7,3,,38.9,16.49
car,SBI,722,13.5,self_employed,31.8,4,0.5,29.5,10.94
education,Kotak,645,7.1,salaried,20.7,4,,23.4,12.53
education,SBI,674,49.5,salaried,29.7,6,,31.8,11.16
home,HDFC,616,28.7,salaried,157.3,11,0.67,44.7,12.79
education,SBI,652,16.3,self_employed,22.3,14,,50.2,13.04
car,HDFC,636,7.7,salaried,7.3,4,0.61,23.1,11.94
car,Kotak,695,15.8,salaried,34.6,6,0.81,12.7,12.32
personal,SBI,691,34.7,business,24.8,3,,25.2,16.85
education,SBI,716,13.8,business,4.4,9,,38.6,12.14
home,HDFC,799,28.1,self_employed,154.3,23,0.64,21.9,9.91
car,SBI,577,18.2,salaried,5.0,4,0.85,55.9,13.98
car,SBI,784,27.6,salaried,11.5,1,0.62,7.7,9.62
personal,HDFC,738,9.2,salaried,4.8,2,,37.3,15.65
personal,Kotak,741,8.2,salaried,17.3,7,,43.9,16.0
education,HDFC,602,22.3,business,12.3,6,,17.0,12.74
car,HDFC,699,44.5,self_employed,9.9,5,0.51,14.4,11.48
car,Kotak,824,32.9,self_employed,18.4,3,0.66,54.6,12.22
personal,ICICI,688,26.0,self_employed,1.3,7,,49.0,16.94
home,Axis,669,46.8,business,99.9,5,0.78,33.5,13.0
personal,SBI,736,21.2,salaried,16.9,1,,27.2,14.97
personal,Kotak,657,40.2,business,4.9,2,,22.0,17.08
car,Axis,679,48.6,salaried,9.4,1,0.53,57.5,12.77
education,SBI,751,4.2,self_employed,8.9,8,,22.5,10.19
car,Kotak,736,46.3,self_employed,36.7,5,0.67,5.0,11.28
personal,SBI,677,21.2,salaried,2.2,3,,36.1,16.26
personal,Axis,644,35.0,salaried,3.3,3,,9.2,16.73
education,HDFC,701,14.8,self_employed,39.7,15,,26.3,11.5
education,ICICI,719,6.8,salaried,2.0,3,,39.4,11.17
car,SBI,738,6.4,salaried,16.1,3,0.65,15.8,10.8
car,HDFC,774,46.1,self_employed,19.2,3,0.76,57.3,12.3
personal,ICICI,692,33.3,salaried,8.1,5,,54.2,17.35
personal,Kotak,827,7.9,salaried,16.4,3,,18.4,14.78
car,HDFC,714,17.8,salaried,39.5,5,0.55,15.2,10.69
personal,HDFC,772,44.7,salaried,16.9,1,,19.8,14.2
education,Axis,679,17.6,salaried,20.5,6,,21.5,11.29
car,ICICI,653,11.8,salaried,19.4,2,0.74,6.9,11.6
car,SBI,657,47.0,salaried,32.5,4,0.86,9.0,12.28
personal,Kotak,734,32.7,business,20.5,3,,12.5,16.58
home,ICICI,683,19.3,self_employed,168.2,17,0.72,15.3,12.66
car,Axis,796,5.0,salaried,4.4,5,0.74,23.6,9.99
car,Kotak,694,27.2,self_employed,27.9,4,0.86,42.3,14.19
home,Kotak,644,32.4,salaried,43.2,5,0.6,8.3,11.45
personal,SBI,745,30.3,business,8.0,1,,11.6,15.83
car,Kotak,765,37.2,salaried,8.5,3,0.78,45.3,11.34
education,Kotak,642,2.0,self_employed,3.3,3,,15.9,12.85
home,SBI,740,10.3,salaried,63.0,10,0.63,50.8,11.87
education,ICICI,689,25.7,self_employed,28.2,15,,53.5,13.37
car,Kotak,611,29.5,business,19.7,5,0.72,14.6,13.12
personal,HDFC,680,34.7,salaried,8.3,2,,59.0,17.46
personal,SBI,681,21.1,salaried,17.1,2,,40.0,16.16
personal,SBI,634,49.8,self_employed,8.8,5,,35.5,17.45
personal,SBI,739,48.2,salaried,18.2,6,,52.7,16.34
education,Kotak,521,8.7,self_employed,23.2,9,,13.6,13.61
education,SBI,678,28.0,salaried,7.2,6,,31.2,10.96
home,Axis,566,22.8,salaried,109.7,10,0.87,52.3,13.06
personal,Axis,750,21.5,self_employed,8.0,2,,47.4,15.68
education,ICICI,699,11.4,self_employed,19.0,12,,9.8,11.87
car,Kotak,701,13.6,salaried,35.1,6,0.76,6.1,11.74
home,Kotak,839,43.1,salaried,133.9,25,0.63,25.2,9.68
car,ICICI,746,34.5,salaried,38.9,2,0.55,20.0,10.53
car,ICICI,728,35.5,business,35.0,2,0.8,38.9,12.95
home,Kotak,694,45.0,self_employed,123.4,28,0.79,3.4,11.93
personal,ICICI,779,17.3,business,1.7,5,,3.3,15.23
home,HDFC,697,19.3,self_employed,97.7,6,0.57,7.2,11.57
education,Axis,685,32.9,salaried,26.8,9,,51.1,12.65
home,HDFC,647,29.3,salaried,91.3,27,0.66,28.0,12.21
personal,Axis,607,44.5,salaried,10.9,2,,0.9,16.94
education,Kotak,708,40.3,self_employed,30.7,9,,7.1,10.95
education,HDFC,659,15.2,salaried,26.9,9,,3.4,11.29
personal,Axis,574,18.2,salaried,12.5,3,,16.6,17.3
home,Axis,702,33.6,salaried,62.3,25,0.75,3.3,10.48
personal,HDFC,721,5.0,business,20.3,3,,6.4,16.48
personal,Kotak,670,12.5,salaried,12.7,2,,9.4,16.12
car,SBI,653,24.2,self_employed,38.6,7,0.72,55.9,12.79
home,SBI,759,35.5,self_employed,126.6,14,0.68,42.0,10.64
car,Axis,798,41.2,salaried,34.4,6,0.64,11.3,9.6
home,Axis,686,49.6,business,187.0,10,0.71,8.1,12.01
home,SBI,708,3.2,self_employed,132.2,28,0.61,14.8,11.03
education,Kotak,800,21.8,salaried,11.9,11,,23.2,9.96
education,Kotak,749,45.5,business,19.0,13,,12.6,11.28
car,ICICI,745,47.0,self_employed,30.0,7,0.83,17.4,11.65
education,Kotak,678,30.2,business,21.9,8,,29.5,12.84
personal,Axis,641,46.7,salaried,6.1,7,,32.5,16.94
education,Kotak,591,36.4,salaried,25.1,9,,45.9,13.6
car,Kotak,647,12.8,salaried,28.8,3,0.79,12.1,13.35
car,HDFC,522,45.8,salaried,27.4,1,0.52,1.0,12.6
car,SBI,612,7.6,salaried,20.9,5,0.71,5.0,12.11
home,HDFC,624,7.5,salaried,97.6,25,0.64,34.3,12.89
home,Axis,651,18.0,salaried,183.8,8,0.76,57.4,13.07
car,ICICI,645,17.1,business,7.3,4,0.85,1.7,14.04
education,Kotak,609,4.3,salaried,30.1,4,,46.0,13.56
personal,SBI,531,3.4,salaried,16.7,1,,32.1,18.09
education,Axis,604,9.3,salaried,5.7,14,,4.3,11.8
home,ICICI,690,2.4,salaried,55.5,15,0.89,37.7,12.89
education,HDFC,780,49.8,business,39.0,9,,0.0,10.94
personal,SBI,673,23.1,salaried,13.4,3,,16.8,15.32
education,SBI,663,19.4,business,29.3,2,,49.3,12.64
home,SBI,725,15.5,salaried,170.4,7,0.77,24.1,11.47
car,SBI,754,29.5,business,14.7,3,0.75,3.4,11.08
home,Kotak,807,24.3,self_employed,132.9,6,0.84,19.6,11.18
education,Axis,639,20.9,salaried,23.4,13,,41.5,13.09
personal,HDFC,617,17.7,salaried,17.7,5,,50.1,17.6
car,SBI,790,25.9,salaried,35.3,5,0.59,11.6,9.24
personal,Kotak,678,20.9,salaried,20.4,1,,47.3,16.88
car,SBI,654,46.4,salaried,18.8,2,0.55,36.9,11.61
home,Axis,629,42.8,salaried,135.5,12,0.67,53.4,13.06
personal,HDFC,644,19.1,self_employed,13.2,1,,17.5,17.39
car,Kotak,627,43.3,salaried,15.2,1,0.69,50.0,14.15
car,Kotak,652,24.0,self_employed,10.1,7,0.7,23.2,12.26
car,SBI,689,30.9,salaried,39.0,2,0.51,44.2,11.23
personal,SBI,683,10.3,self_employed,8.6,4,,29.6,16.07
home,ICICI,672,5.7,salaried,152.8,10,0.68,4.9,12.13
education,SBI,675,8.6,business,23.5,9,,2.1,11.86
personal,Axis,753,13.2,salaried,8.7,6,,18.0,14.61
home,HDFC,623,18.4,salaried,111.7,8,0.57,2.6,11.94
home,SBI,709,10.5,business,150.9,27,0.5,1.0,11.18
home,Axis,613,41.5,self_employed,40.9,5,0.52,55.8,12.92
home,ICICI,689,13.1,salaried,198.6,19,0.73,54.4,12.82
education,Axis,721,21.0,self_employed,33.1,13,,42.7,11.64
home,ICICI,685,47.6,salaried,149.6,6,0.55,34.7,11.04
personal,Axis,743,10.1,salaried,16.2,1,,12.0,14.91
education,Kotak,669,47.1,salaried,38.7,11,,20.7,11.57
personal,SBI,768,45.7,self_employed,20.9,7,,52.6,16.25
personal,Kotak,628,23.2,business,17.5,2,,14.1,17.74
car,HDFC,717,43.7,self_employed,31.3,4,0.87,13.1,11.92
home,SBI,767,34.3,self_employed,20.4,25,0.63,21.1,9.6
personal,HDFC,766,37.2,salaried,4.3,1,,37.8,14.95
car,SBI,648,22.0,self_employed,19.7,2,0.7,48.5,13.01
home,HDFC,668,38.6,salaried,194.2,14,0.65,12.7,10.95
education,ICICI,730,24.4,salaried,18.4,11,,27.1,10.85
personal,SBI,715,30.7,salaried,11.4,1,,37.4,15.03
education,Axis,688,21.8,salaried,7.3,11,,50.6,12.47
car,ICICI,647,20.2,salaried,8.3,2,0.57,35.9,12.95
personal,Axis,731,14.3,business,7.0,1,,49.6,17.2
car,SBI,644,21.0,business,4.8,3,0.52,7.6,12.11
car,ICICI,722,33.7,salaried,23.1,1,0.53,51.6,11.76
car,Kotak,642,21.8,salaried,26.1,4,0.57,36.1,12.86
car,ICICI,684,7.2,salaried,6.1,3,0.55,29.7,11.37
personal,Kotak,690,32.8,salaried,4.9,2,,58.8,17.75
home,SBI,535,18.2,salaried,41.9,6,0.54,51.1,12.89
education,HDFC,763,4.4,self_employed,32.9,11,,54.8,12.32
personal,HDFC,728,38.5,self_employed,24.2,4,,29.5,15.99
personal,Kotak,671,5.5,salaried,12.6,7,,46.6,17.13
car,SBI,752,3.3,self_employed,25.7,7,0.81,57.7,13.21
car,Kotak,756,39.8,salaried,18.6,4,0.8,38.7,11.65
home,Kotak,722,46.7,salaried,168.6,28,0.55,59.4,11.56
home,Kotak,648,20.5,salaried,47.9,19,0.52,22.8,11.82
car,SBI,650,38.7,salaried,3.6,6,0.73,22.4,11.47
home,SBI,721,14.3,salaried,83.8,27,0.86,26.1,11.76
car,HDFC,698,18.6,salaried,15.2,7,0.72,32.8,11.31
car,ICICI,806,41.8,salaried,9.0,4,0.7,45.7,10.88
education,Axis,613,34.2,business,34.0,6,,54.7,14.34
home,SBI,718,24.9,business,40.0,29,0.85,48.2,12.9
education,HDFC,586,18.7,self_employed,7.4,6,,43.6,13.75
car,SBI,653,3.5,salaried,23.2,3,0.76,29.9,12.99
education,Axis,678,27.2,salaried,4.3,14,,38.9,11.66
personal,Axis,740,35.4,salaried,18.5,7,,52.9,16.74
education,SBI,618,19.3,business,2.4,6,,29.2,12.86
education,Axis,630,28.0,salaried,39.1,14,,40.3,12.83
education,ICICI,655,30.1,self_employed,16.7,1,,29.9,12.08
car,HDFC,690,20.3,salaried,35.9,6,0.72,2.6,11.48
home,Kotak,654,45.8,salaried,27.9,27,0.6,44.7,11.4
home,ICICI,687,25.4,salaried,47.0,29,0.88,32.0,12.38
education,Axis,804,17.1,business,19.4,9,,22.9,11.34
education,HDFC,767,29.8,salaried,25.9,4,,19.0,9.64
home,HDFC,771,18.3,salaried,104.2,12,0.58,32.0,9.93
education,Kotak,667,38.9,salaried,30.3,6,,54.5,12.43
education,Axis,651,30.2,self_employed,11.9,10,,51.4,12.96
personal,HDFC,690,14.9,salaried,8.1,4,,39.6,16.75
car,HDFC,823,21.0,salaried,17.3,6,0.83,51.1,11.87
education,Kotak,539,42.0,self_employed,6.2,5,,4.7,13.51
car,HDFC,680,14.0,business,8.5,7,0.88,20.4,13.89
education,Kotak,668,13.2,salaried,21.2,8,,15.7,11.03
home,HDFC,833,26.4,salaried,106.6,14,0.89,15.7,11.16
personal,SBI,723,44.6,salaried,17.6,3,,47.3,15.5
home,SBI,604,24.4,salaried,22.3,9,0.5,16.3,11.0
car,Axis,825,34.0,self_employed,12.2,3,0.6,39.4,10.71
car,ICICI,745,44.9,salaried,36.5,2,0.63,11.8,10.39
education,Axis,716,32.4,self_employed,35.5,3,,19.5,10.71
education,HDFC,748,35.0,salaried,37.0,13,,17.3,10.14
home,HDFC,698,40.5,business,80.9,13,0.75,10.4,11.98
car,SBI,805,9.3,self_employed,10.2,4,0.81,18.2,10.68
personal,Axis,694,49.1,business,22.8,6,,10.1,16.65
home,HDFC,750,28.2,business,99.9,25,0.51,11.8,10.27
education,ICICI,712,31.9,self_employed,18.9,13,,18.3,10.93
car,Axis,643,26.4,salaried,10.8,2,0.72,15.3,12.18
personal,Axis,722,16.7,self_employed,24.1,3,,28.9,16.12
education,ICICI,504,40.2,salaried,7.8,12,,8.9,12.44
education,ICICI,729,38.2,salaried,11.3,3,,27.8,10.5
car,SBI,829,25.9,salaried,6.2,2,0.73,27.2,9.63
education,Axis,755,23.9,salaried,18.9,6,,23.7,9.89
personal,SBI,477,34.7,salaried,5.2,5,,52.0,18.61
education,HDFC,651,37.9,salaried,25.5,14,,48.2,11.49
personal,SBI,618,8.0,salaried,7.1,4,,51.1,18.0
car,Axis,503,27.5,business,32.2,2,0.64,7.5,13.63
education,ICICI,696,44.0,business,29.8,5,,0.0,12.32
education,HDFC,741,43.6,business,6.0,12,,23.7,11.75
education,HDFC,817,33.1,business,7.7,3,,56.9,11.97
car,HDFC,601,31.0,self_employed,23.6,6,0.84,30.0,13.12
home,ICICI,683,33.0,salaried,83.2,26,0.6,42.7,11.35
home,Kotak,596,22.8,salaried,155.6,9,0.68,23.4,13.03
education,Axis,780,26.5,salaried,31.9,8,,55.7,11.12
personal,ICICI,787,5.4,self_employed,16.7,2,,43.1,15.75
education,ICICI,613,24.1,business,30.1,11,,52.1,14.28
education,HDFC,694,20.0,salaried,36.5,1,,50.0,12.43
home,ICICI,666,43.0,self_employed,105.0,15,0.79,56.2,12.91
education,SBI,673,7.7,self_employed,6.1,14,,44.5,12.09
home,HDFC,608,11.2,salaried,87.6,23,0.81,15.2,12.81
personal,SBI,700,15.8,salaried,19.8,7,,41.8,15.85
personal,SBI,665,35.5,salaried,9.4,6,,8.0,15.12
personal,ICICI,713,10.3,business,23.2,2,,13.2,16.58
education,HDFC,858,38.9,salaried,21.6,15,,41.6,10.39
personal,SBI,774,32.9,business,10.6,4,,27.5,15.31
personal,Kotak,787,49.1,salaried,5.0,3,,3.1,14.53
education,ICICI,658,32.9,business,8.6,5,,10.2,12.43
education,HDFC,556,15.1,salaried,38.7,5,,28.2,13.15
personal,SBI,638,17.9,salaried,17.8,4,,38.0,17.04
education,SBI,677,25.2,salaried,25.4,5,,11.1,10.62
home,ICICI,816,17.9,salaried,191.9,20,0.83,32.3,11.43
home,Axis,718,21.6,business,111.2,22,0.52,42.5,12.39
home,HDFC,686,45.9,salaried,172.6,27,0.88,27.9,12.35
car,Kotak,533,34.8,self_employed,10.4,6,0.51,52.7,14.13
personal,SBI,695,27.1,salaried,14.7,4,,25.9,15.48
car,SBI,703,43.0,salaried,23.7,3,0.87,53.8,12.78
home,Axis,707,38.1,salaried,99.8,19,0.51,42.0,11.25
car,Axis,735,32.0,self_employed,24.1,1,0.74,50.4,12.38
home,Axis,746,28.6,self_employed,155.8,15,0.86,8.3,12.07
education,Kotak,693,16.8,salaried,21.0,1,,57.2,12.58
personal,SBI,639,10.8,self_employed,8.3,3,,0.5,17.2
education,ICICI,737,16.4,salaried,34.4,1,,16.0,11.1
education,HDFC,784,46.0,self_employed,28.8,11,,58.2,11.77
